{"properties":{"localizedStrings":{"title":"Уведомления","settings":"Настройки","disableToastText":"Вы больше не будете получать эти уведомления","undoBtn":"Отменить","undoText":"Вы снова будете получать эти уведомления","cardAction":"Действие карты","nullCardTitle":"Отлично! Вы просмотрели все новости","nullCardActionText":"Подпишитесь на интересы,","nullCardSubtitle":"чтобы получать новые уведомления.","JustNow":"только что","NumberDayAgo":"{0} день назад","NumberDaysAgo":"{0} дн. назад","NumberHourAgo":"{0} час назад","NumberHoursAgo":"{0} ч назад","NumberMinuteAgo":"{0} минуту назад","NumberMinutesAgo":"{0} мин назад"}}}