{"properties":{"localizedStrings":{"hideSearchHistoryLabel":"Скрыть последние запросы Bing","manageSearchHistoryLabel":"Управление журналом поиска Bing","moreOptionsAriaLabel":"Дополнительно","privacyRecentSearchLabel":"Почему я это вижу?","privacyDialogCloseButtonText":"Закрыть диалоговое окно","privacyDialogTitleText":"Почему я это вижу?","privacyTitle":"Это недавние поисковые запросы, связанные с учетной записью, с помощью которой сейчас выполнен вход на Bing.com.","privacyLinkContent":"Чтобы выйти или переключить учетную запись, перейдите в {0}.","itemAriaLabel":"Результаты недавнего поиска в журнале","searchHistoryHeader":"Последние поисковые запросы: ","searchHistoryManageHistory":"Управление журналом"}}}