{"properties":{"localizedStrings":{"emptyInboxMessage":"Папка \"Входящие\" пуста","enableButtonText":"Включить","errorMessage":"Сейчас не удается получить содержимое папки \"Входящие\"","freMessage":"Войдите в Microsoft Edge с помощью учетной записи Майкрософт, чтобы просмотреть электронную почту здесь.","justNowText":"Только что","lastUpdatedText":"Последнее обновление:","newEmailButtonText":"Создать сообщение электронной почты","newEventButtonText":"Создать событие","noThanksButtonText":"Нет, спасибо","signInButtonText":"Войти","signInMessage":"Просматривайте свой почтовый ящик Outlook, создавайте новые сообщения электронной почты и приглашения в календаре.","title":"Входящие","yesterdayAtText":"Вчера в","accessibility":{"event":"Событие","flagStatus_complete":"Состояние отметки: завершено","flagStatus_flagged":"Состояние отметки: отмечено","flagStatus_notFlagged":"Состояние отметки: не отмечено","importanceLow":"Низкая важность","importanceHigh":"Высокая важность","loading":"Загрузка","unread":"Непрочитанные","unreadEmailCount":"Количество непрочитанных сообщений электронной почты","withAttachments":"С вложениями"}}}}