{"properties":{"enableSubscriptions":false,"enableDynamicInterests":true,"enableOneColumn":true,"childExperienceReferencesWC":{"feedToggle":{"instanceId":"FeedToggleWC","configRef":{"experienceType":"FeedToggleWC","instanceSrc":"default"}}},"navigationConfig":{"enablePillShapedFeedToggle":true,"enablePillShapedPersonalizeButton":true,"enableNavGap8px":true,"followedInterestsRenderInfo":{"renderType":0,"experienceConfigRef":{"instanceId":"XfeedWC","configRef":{"experienceType":"XfeedWC","instanceSrc":"default"}}},"hamburgerMenuItems":[{"id":"coronavirus","display":"Coronavirus","displayKey":"coronavirus","iconName":"globe","renderInfo":{"renderType":3,"externalUrl":"https://www.msn.com/en-us/news/coronavirus"}},{"id":"news","display":"News","displayKey":"news","iconName":"news","renderInfo":{"renderType":0,"path":"news","context":{"feedId":"Y_8c1db373-86c0-4213-9e06-0bb6deb2a336"},"experienceConfigRef":{"instanceId":"XfeedWC","configRef":{"experienceType":"XfeedWC","instanceSrc":"default"}}},"verticalKey":"news","children":[{"id":"news_us","display":"US News","displayKey":"news_us","renderInfo":{"renderType":0,"path":"us-news","context":{"feedId":"Y_a3b33cc2-2c47-48ba-a975-4b87b597644b"},"experienceConfigRef":{"instanceId":"XfeedWC","configRef":{"experienceType":"XfeedWC","instanceSrc":"default"}}}},{"id":"news_world","display":"World News","displayKey":"news_world","renderInfo":{"renderType":0,"path":"world-news","context":{"feedId":"Y_ee352f2b-a60f-41b3-9b10-4d54b4e7f3f9"},"experienceConfigRef":{"instanceId":"XfeedWC","configRef":{"experienceType":"XfeedWC","instanceSrc":"default"}}}},{"id":"news_scienceandtechnology","display":"Science & Technology","displayKey":"news_scienceandtechnology","renderInfo":{"renderType":0,"path":"science-tech","context":{"feedId":"Y_d1cad308-780e-4a75-ba34-6460811ccfe3"},"experienceConfigRef":{"instanceId":"XfeedWC","configRef":{"experienceType":"XfeedWC","instanceSrc":"default"}}}},{"id":"news_crime","display":"Crime","displayKey":"news_crime","renderInfo":{"renderType":0,"path":"crime","context":{"feedId":"Y_6f320357-0418-4bb0-a654-f5ba77f31552"},"experienceConfigRef":{"instanceId":"XfeedWC","configRef":{"experienceType":"XfeedWC","instanceSrc":"default"}}}},{"id":"news_politics","display":"Politics","displayKey":"news_politics","renderInfo":{"renderType":0,"path":"politics","context":{"feedId":"Y_bced654c-7e2e-4c63-acb4-f3b3b89bd4e3"},"experienceConfigRef":{"instanceId":"XfeedWC","configRef":{"experienceType":"XfeedWC","instanceSrc":"default"}}}},{"id":"news_entertainment","display":"Entertainment","displayKey":"news_entertainment","renderInfo":{"renderType":0,"path":"entertainment","context":{"feedId":"Y_414a7c40-a373-4025-b4ce-e9502e9e17ed"},"experienceConfigRef":{"instanceId":"XfeedWC","configRef":{"experienceType":"XfeedWC","instanceSrc":"default"}}}},{"id":"news_lifestyle","display":"Lifestyle","displayKey":"news_lifestyle","renderInfo":{"renderType":0,"path":"lifestyle","context":{"feedId":"Y_99096e96-6d4f-401c-832b-461e08143a5a"},"experienceConfigRef":{"instanceId":"XfeedWC","configRef":{"experienceType":"XfeedWC","instanceSrc":"default"}}}},{"id":"news_autos","display":"Autos","displayKey":"news_autos","renderInfo":{"renderType":0,"path":"autos","context":{"feedId":"Y_67f5f95c-e834-4429-8b6a-2d6c348d0726"},"experienceConfigRef":{"instanceId":"XfeedWC","configRef":{"experienceType":"XfeedWC","instanceSrc":"default"}}}}]},{"id":"sports","display":"Sports","displayKey":"sports","iconName":"sports","renderInfo":{"renderType":3,"externalUrl":"https://www.msn.com/en-us/sports"},"children":[{"id":"sports_football_nfl","display":"NFL","displayKey":"sports_football_nfl","renderInfo":{"renderType":3,"externalUrl":"https://www.msn.com/en-us/sports/nfl"}},{"id":"sports_basketball_nba","display":"NBA","displayKey":"sports_basketball_nba","renderInfo":{"renderType":3,"externalUrl":"https://www.msn.com/en-us/sports/nba"}},{"id":"sports_baseball_mlb","display":"MLB","displayKey":"sports_baseball_mlb","renderInfo":{"renderType":3,"externalUrl":"https://www.msn.com/en-us/sports/mlb"}},{"id":"sports_icehockey_nhl","display":"NHL","displayKey":"sports_icehockey_nhl","renderInfo":{"renderType":3,"externalUrl":"https://www.msn.com/en-us/sports/nhl"}},{"id":"sports_football_ncaa","display":"NCAA FB","displayKey":"sports_football_ncaa","renderInfo":{"renderType":3,"externalUrl":"https://www.msn.com/en-us/sports/ncaafb"}},{"id":"sports_basketball_ncaa","display":"NCAA BK","displayKey":"sports_basketball_ncaa","renderInfo":{"renderType":3,"externalUrl":"https://www.msn.com/en-us/sports/ncaabk"}},{"id":"sports_tennis","display":"Tennis","displayKey":"sports_tennis","renderInfo":{"renderType":3,"externalUrl":"https://www.msn.com/en-us/sports/tennis"}},{"id":"sports_soccer","display":"Soccer","displayKey":"sports_soccer","renderInfo":{"renderType":3,"externalUrl":"https://www.msn.com/en-us/sports/soccer"}},{"id":"sports_golf","display":"Golf","displayKey":"sports_golf","renderInfo":{"renderType":3,"externalUrl":"https://www.msn.com/en-us/sports/golf"}},{"id":"sports_racing","display":"Motorsports","displayKey":"sports_racing","renderInfo":{"renderType":3,"externalUrl":"https://www.msn.com/en-us/sports/motorsports"}},{"id":"sports_mmaufc","display":"MMA / UFC","displayKey":"sports_mmaufc","renderInfo":{"renderType":3,"externalUrl":"https://www.msn.com/en-us/sports/mma-ufc"}},{"id":"sports_basketball_wnba","display":"WNBA","displayKey":"sports_basketball_wnba","renderInfo":{"renderType":3,"externalUrl":"https://www.msn.com/en-us/sports/wnba"}},{"id":"sports_esports","display":"Esports","displayKey":"sports_esports","renderInfo":{"renderType":3,"externalUrl":"https://www.msn.com/esports"}},{"id":"sports_fantasy","display":"Fantasy","displayKey":"sports_fantasy","renderInfo":{"renderType":3,"externalUrl":"https://www.msn.com/en-us/sports/fantasy"}},{"id":"sports_cricket","display":"Cricket","displayKey":"sports_cricket","renderInfo":{"renderType":3,"externalUrl":"https://www.msn.com/en-us/sports/cricket"}},{"id":"sports_rugbyleague","display":"Rugby League","displayKey":"sports_rugbyleague","renderInfo":{"renderType":3,"externalUrl":"https://www.msn.com/en-us/sports/rugbyleague"}},{"id":"sports_rugbyunion","display":"Rugby Union","displayKey":"sports_rugbyunion","renderInfo":{"renderType":3,"externalUrl":"https://www.msn.com/en-us/sports/rugbyunion"}},{"id":"sports_australianrules","display":"Australian Rules","displayKey":"sports_australianrules","renderInfo":{"renderType":3,"externalUrl":"https://www.msn.com/en-us/sports/australian-rules"}},{"id":"sports_latestodds","display":"Odds","displayKey":"sports_latestodds","renderInfo":{"renderType":3,"externalUrl":"https://www.msn.com/en-us/sports/latestodds"}},{"id":"sports_Video","display":"Video","displayKey":"sports_Video","renderInfo":{"renderType":3,"externalUrl":"https://www.msn.com/en-us/sports/video"}}]},{"id":"weather","display":"Weather","displayKey":"weather","iconName":"clouds","renderInfo":{"renderType":3,"externalUrl":"https://www.msn.com/en-us/weather"},"verticalKey":"weather","children":[{"id":"weather_maps","display":"Maps","displayKey":"weather_maps","renderInfo":{"renderType":3,"externalUrl":"https://www.msn.com/en-us/weather/maps"}},{"id":"weather_activealerts","display":"Severe Weather","displayKey":"weather_activealerts","renderInfo":{"renderType":3,"externalUrl":"https://www.msn.com/en-us/weather/severeweather/activealerts"}},{"id":"weather_hurricanes","display":"Hurricanes","displayKey":"weather_hurricanes","renderInfo":{"renderType":3,"externalUrl":"https://www.msn.com/en-us/weather/severeweather/hurricanes"}}]},{"id":"traffic","display":"Traffic","displayKey":"traffic","iconName":"traffic","renderInfo":{"renderType":3,"externalUrl":"https://www.msn.com/en-us/traffic"},"children":[{"id":"maps","display":"Maps","displayKey":"traffic_maps","renderInfo":{"renderType":2,"externalUrl":"https://www.bing.com/maps?setlang=en-us"}}]},{"id":"finance","display":"Money","displayKey":"finance","iconName":"money","renderInfo":{"renderType":3,"externalUrl":"https://www.msn.com/en-us/money"},"verticalKey":"finance","children":[{"id":"finance_markets","display":"Markets","displayKey":"finance_markets","renderInfo":{"renderType":3,"externalUrl":"https://www.msn.com/en-us/money/markets"}},{"id":"finance_investing","display":"Investing","displayKey":"finance_investing","renderInfo":{"renderType":3,"externalUrl":"https://www.msn.com/en-us/money/investing"}},{"id":"finance_personalfinance","display":"Personal Finance","displayKey":"finance_personalfinance","renderInfo":{"renderType":3,"externalUrl":"https://www.msn.com/en-us/money/personalfinance"}},{"id":"finance_realestate","display":"Real Estate","displayKey":"finance_realestate","renderInfo":{"renderType":3,"externalUrl":"https://www.msn.com/en-us/money/realestate"}},{"id":"finance_careers","display":"Careers","displayKey":"finance_careers","renderInfo":{"renderType":3,"externalUrl":"https://www.msn.com/en-us/money/careers"}},{"id":"finance_smallbusiness","display":"Small Business","displayKey":"finance_smallbusiness","renderInfo":{"renderType":3,"externalUrl":"https://www.msn.com/en-us/money/smallbusiness"}},{"id":"finance_watchlist","display":"My Watchlist","displayKey":"finance_watchlist","renderInfo":{"renderType":3,"externalUrl":"https://www.msn.com/en-us/money/watchlist"}},{"id":"finance_mortgages","display":"Mortgages","displayKey":"finance_mortgages","renderInfo":{"renderType":3,"externalUrl":"https://www.msn.com/en-us/money/realestate/mortgages"}},{"id":"finance_savingsrate","display":"Savings Rates","displayKey":"finance_savingsrate","renderInfo":{"renderType":3,"externalUrl":"https://www.msn.com/en-us/money/personalfinance/savingsrates"}},{"id":"finance_personalloans","display":"Personal Loans","displayKey":"finance_personalloans","renderInfo":{"renderType":3,"externalUrl":"https://www.msn.com/en-us/money/personalfinance/personal-loans"}},{"id":"finance_tools","display":"Tools","displayKey":"finance_tools","renderInfo":{"renderType":3,"externalUrl":"https://www.msn.com/en-us/money/tools"}}]},{"id":"shopping","display":"Shopping","displayKey":"shopping","iconName":"shopping","renderInfo":{"renderType":3,"externalUrl":"https://www.msn.com/en-us/shopping"},"verticalKey":"shopping"}],"homeNavigationItem":{"id":"myfeed","display":"My Feed","displayKey":"myFeed","iconName":"home","renderInfo":{"renderType":0,"path":"myFeed","usePathNameAsIs":true,"experienceConfigRef":{"instanceId":"DesktopFeedEdgeNextWC","configRef":{"experienceType":"DesktopFeedEdgeNextWC","instanceSrc":"default"}}},"telemetryInfo":{"pageName":"startpage"}},"interestsNavigationItem":{"id":"myInterests","display":"My Interests","displayKey":"myInterests","iconName":"sun","renderInfo":{"renderType":0,"path":"personalize","context":{"pageType":"MyInterests"},"usePathNameAsIs":true,"experienceConfigRef":{"instanceId":"InterestsWC","configRef":{"experienceType":"InterestsWC","instanceSrc":"default"}}},"telemetryInfo":{"pageName":"cinterests"},"children":[{"id":"mySaves","display":"My Saves","displayKey":"mySaves","renderInfo":{"renderType":0,"path":"personalize/saves","context":{"pageType":"MySaves"},"usePathNameAsIs":true,"experienceConfigRef":{"instanceId":"InterestsWC","configRef":{"experienceType":"InterestsWC","instanceSrc":"default"}}},"telemetryInfo":{"pageName":"cinterests"}},{"id":"history","display":"History","displayKey":"history","renderInfo":{"renderType":0,"path":"personalize/history","context":{"pageType":"History"},"usePathNameAsIs":true,"experienceConfigRef":{"instanceId":"InterestsWC","configRef":{"experienceType":"InterestsWC","instanceSrc":"default"}}},"telemetryInfo":{"pageName":"cinterests"}},{"id":"experienceSettings","display":"Experience Settings","displayKey":"experienceSettings","renderInfo":{"renderType":0,"path":"personalize/settings","context":{"pageType":"Setting"},"usePathNameAsIs":true,"experienceConfigRef":{"instanceId":"InterestsWC","configRef":{"experienceType":"InterestsWC","instanceSrc":"default"}}},"telemetryInfo":{"pageName":"cinterests"}}]},"contextualNavItems":[{"id":"coronavirus","displayKey":"coronavirus","display":"Coronavirus","renderInfo":{"renderType":3,"externalUrl":"https://www.msn.com/en-us/news/coronavirus"}},{"id":"news","display":"News","displayKey":"news","renderInfo":{"renderType":0,"path":"news","context":{"feedId":"Y_8c1db373-86c0-4213-9e06-0bb6deb2a336"},"experienceConfigRef":{"instanceId":"XfeedWC","configRef":{"experienceType":"XfeedWC","instanceSrc":"default"}}},"verticalKey":"news","children":[{"id":"news_us","display":"US News","displayKey":"news_us","renderInfo":{"renderType":0,"path":"us-news","context":{"feedId":"Y_a3b33cc2-2c47-48ba-a975-4b87b597644b"},"experienceConfigRef":{"instanceId":"XfeedWC","configRef":{"experienceType":"XfeedWC","instanceSrc":"default"}}}},{"id":"news_world","display":"World News","displayKey":"news_world","renderInfo":{"renderType":0,"path":"world-news","context":{"feedId":"Y_ee352f2b-a60f-41b3-9b10-4d54b4e7f3f9"},"experienceConfigRef":{"instanceId":"XfeedWC","configRef":{"experienceType":"XfeedWC","instanceSrc":"default"}}}},{"id":"news_scienceandtechnology","display":"Science & Technology","displayKey":"news_scienceandtechnology","renderInfo":{"renderType":0,"path":"science-tech","context":{"feedId":"Y_d1cad308-780e-4a75-ba34-6460811ccfe3"},"experienceConfigRef":{"instanceId":"XfeedWC","configRef":{"experienceType":"XfeedWC","instanceSrc":"default"}}}},{"id":"news_crime","display":"Crime","displayKey":"news_crime","renderInfo":{"renderType":0,"path":"crime","context":{"feedId":"Y_6f320357-0418-4bb0-a654-f5ba77f31552"},"experienceConfigRef":{"instanceId":"XfeedWC","configRef":{"experienceType":"XfeedWC","instanceSrc":"default"}}}},{"id":"news_politics","display":"Politics","displayKey":"news_politics","renderInfo":{"renderType":0,"path":"politics","context":{"feedId":"Y_bced654c-7e2e-4c63-acb4-f3b3b89bd4e3"},"experienceConfigRef":{"instanceId":"XfeedWC","configRef":{"experienceType":"XfeedWC","instanceSrc":"default"}}}},{"id":"news_entertainment","display":"Entertainment","displayKey":"news_entertainment","renderInfo":{"renderType":0,"path":"entertainment","context":{"feedId":"Y_414a7c40-a373-4025-b4ce-e9502e9e17ed"},"experienceConfigRef":{"instanceId":"XfeedWC","configRef":{"experienceType":"XfeedWC","instanceSrc":"default"}}}},{"id":"news_lifestyle","display":"Lifestyle","displayKey":"news_lifestyle","renderInfo":{"renderType":0,"path":"lifestyle","context":{"feedId":"Y_99096e96-6d4f-401c-832b-461e08143a5a"},"experienceConfigRef":{"instanceId":"XfeedWC","configRef":{"experienceType":"XfeedWC","instanceSrc":"default"}}}},{"id":"news_autos","display":"Autos","displayKey":"news_autos","renderInfo":{"renderType":0,"path":"autos","context":{"feedId":"Y_67f5f95c-e834-4429-8b6a-2d6c348d0726"},"experienceConfigRef":{"instanceId":"XfeedWC","configRef":{"experienceType":"XfeedWC","instanceSrc":"default"}}}}]},{"id":"sports","display":"Sports","displayKey":"sports","renderInfo":{"renderType":3,"externalUrl":"https://www.msn.com/en-us/sports"}},{"id":"weather","display":"Weather","displayKey":"weather","renderInfo":{"renderType":3,"externalUrl":"https://www.msn.com/en-us/weather"},"verticalKey":"weather"},{"id":"traffic","display":"Traffic","displayKey":"traffic","renderInfo":{"renderType":3,"externalUrl":"https://www.msn.com/en-us/traffic"},"verticalKey":"traffic"},{"id":"finance","display":"Money","displayKey":"finance","renderInfo":{"renderType":3,"externalUrl":"https://www.msn.com/en-us/money"},"verticalKey":"finance"},{"id":"shopping","display":"Shopping","displayKey":"shopping","iconName":"shopping","renderInfo":{"renderType":3,"externalUrl":"https://www.msn.com/en-us/shopping"},"verticalKey":"shopping"}]}}}