{"experienceType":"EdgeChromiumPageWC","configs":[{"src":"config.json"},{"targetScope":{"locale":{"language":"zh","market":"cn"}},"src":"config_zh-cn.json"},{"targetScope":{"locale":{"language":"de","market":"at"}},"src":"config_de-at.json"},{"targetScope":{"locale":{"language":"de","market":"ch"}},"src":"config_de-ch.json"},{"targetScope":{"locale":{"language":"de","market":"de"}},"src":"config_de-de.json"},{"targetScope":{"locale":{"language":"fr","market":"ch"}},"src":"config_fr-ch.json"},{"targetScope":{"locale":{"language":"id","market":"id"}},"src":"config_id-id.json"},{"targetScope":{"locale":{"language":"nl","market":"nl"}},"src":"config_nl-nl.json"},{"targetScope":{"locale":{"language":"ru","market":"ru"}},"src":"config_ru-ru.json"},{"targetScope":{"locale":{"language":"en","market":"ca"}},"src":"config_en-ca.json"},{"targetScope":{"locale":{"language":"en","market":"gb"}},"src":"config_en-gb.json"},{"targetScope":{"locale":{"language":"en","market":"us"}},"src":"config_en-us.json"},{"targetScope":{"locale":{"language":"ja","market":"jp"}},"src":"config_ja-jp.json"},{"targetScope":{"locale":{"language":"ko","market":"kr"}},"src":"config_ko-kr.json"},{"targetScope":{"locale":{"language":"cs","market":"cz"}},"src":"config_cs-cz.json"},{"targetScope":{"locale":{"language":"hu","market":"hu"}},"src":"config_hu-hu.json"},{"targetScope":{"locale":{"language":"ar","market":"ae"}},"src":"config_ar-ae.json"},{"targetScope":{"locale":{"language":"ar","market":"eg"}},"src":"config_ar-eg.json"},{"targetScope":{"locale":{"language":"ar","market":"sa"}},"src":"config_ar-sa.json"},{"targetScope":{"locale":{"language":"he","market":"il"}},"src":"config_he-il.json"},{"targetScope":{"audienceMode":"enterprise"},"src":"config_enterprise.json"},{"targetScope":{"audienceMode":"adult"},"src":"config_adult.json"},{"targetScope":{"audienceMode":"kids"},"src":"config_kids.json"},{"targetScope":{"locale":{"language":"fr","market":"fr"},"audienceMode":"adult"},"src":"config_fr-fr_adult.json"},{"targetScope":{"locale":{"language":"ru","market":"ru"},"audienceMode":"adult"},"src":"config_ru-ru_adult.json"},{"targetScope":{"locale":{"language":"en","market":"us"},"audienceMode":"adult"},"src":"config_en-us_adult.json"},{"targetScope":{"locale":{"language":"nl","market":"nl"},"audienceMode":"adult"},"src":"config_nl-nl_adult.json"},{"targetScope":{"locale":{"language":"zh","market":"cn"},"audienceMode":"adult"},"src":"config_zh-cn_adult.json"},{"targetScope":{"locale":{"language":"de","market":"de"},"audienceMode":"adult"},"src":"config_de-de_adult.json"},{"targetScope":{"locale":{"language":"en","market":"au"},"audienceMode":"adult"},"src":"config_en-au_adult.json"},{"targetScope":{"locale":{"language":"en","market":"ca"},"audienceMode":"adult"},"src":"config_en-ca_adult.json"},{"targetScope":{"locale":{"language":"en","market":"gb"},"audienceMode":"adult"},"src":"config_en-gb_adult.json"},{"targetScope":{"locale":{"language":"en","market":"in"},"audienceMode":"adult"},"src":"config_en-in_adult.json"},{"targetScope":{"locale":{"language":"es","market":"es"},"audienceMode":"adult"},"src":"config_es-es_adult.json"},{"targetScope":{"locale":{"language":"es","market":"mx"},"audienceMode":"adult"},"src":"config_es-mx_adult.json"},{"targetScope":{"locale":{"language":"fr","market":"ca"},"audienceMode":"adult"},"src":"config_fr-ca_adult.json"},{"targetScope":{"locale":{"language":"it","market":"it"},"audienceMode":"adult"},"src":"config_it-it_adult.json"},{"targetScope":{"locale":{"language":"ja","market":"jp"},"audienceMode":"adult"},"src":"config_ja-jp_adult.json"},{"targetScope":{"locale":{"language":"pt","market":"br"},"audienceMode":"adult"},"src":"config_pt-br_adult.json"},{"targetScope":{"audienceMode":"adult","os":"windows"},"src":"config_adult_windows.json"},{"targetScope":{"locale":{"language":"de","market":"de"},"audienceMode":"adult","os":"xbox"},"src":"config_de-de_adult_xbox.json"},{"targetScope":{"locale":{"language":"es","market":"mx"},"audienceMode":"adult","os":"xbox"},"src":"config_es-mx_adult_xbox.json"},{"targetScope":{"locale":{"language":"fr","market":"fr"},"audienceMode":"adult","os":"xbox"},"src":"config_fr-fr_adult_xbox.json"},{"targetScope":{"locale":{"language":"it","market":"it"},"audienceMode":"adult","os":"xbox"},"src":"config_it-it_adult_xbox.json"},{"targetScope":{"locale":{"language":"ja","market":"jp"},"audienceMode":"adult","os":"xbox"},"src":"config_ja-jp_adult_xbox.json"},{"targetScope":{"locale":{"language":"pt","market":"br"},"audienceMode":"adult","os":"xbox"},"src":"config_pt-br_adult_xbox.json"},{"targetScope":{"locale":{"language":"es","market":"es"},"audienceMode":"adult","os":"xbox"},"src":"config_es-es_adult_xbox.json"},{"targetScope":{"locale":{"language":"ko","market":"kr"},"audienceMode":"adult","os":"xbox"},"src":"config_ko-kr_adult_xbox.json"},{"targetScope":{"locale":{"language":"pl","market":"pl"},"audienceMode":"adult","os":"xbox"},"src":"config_pl-pl_adult_xbox.json"},{"targetScope":{"locale":{"language":"ru","market":"ru"},"audienceMode":"adult","os":"xbox"},"src":"config_ru-ru_adult_xbox.json"},{"targetScope":{"locale":{"language":"en","market":"ae"},"audienceMode":"adult","os":"xbox"},"src":"config_en-ae_adult_xbox.json"},{"targetScope":{"locale":{"language":"en","market":"au"},"audienceMode":"adult","os":"xbox"},"src":"config_en-au_adult_xbox.json"},{"targetScope":{"locale":{"language":"en","market":"ca"},"audienceMode":"adult","os":"xbox"},"src":"config_en-ca_adult_xbox.json"},{"targetScope":{"locale":{"language":"en","market":"gb"},"audienceMode":"adult","os":"xbox"},"src":"config_en-gb_adult_xbox.json"},{"targetScope":{"locale":{"language":"en","market":"id"},"audienceMode":"adult","os":"xbox"},"src":"config_en-id_adult_xbox.json"},{"targetScope":{"locale":{"language":"en","market":"ie"},"audienceMode":"adult","os":"xbox"},"src":"config_en-ie_adult_xbox.json"},{"targetScope":{"locale":{"language":"en","market":"in"},"audienceMode":"adult","os":"xbox"},"src":"config_en-in_adult_xbox.json"},{"targetScope":{"locale":{"language":"en","market":"my"},"audienceMode":"adult","os":"xbox"},"src":"config_en-my_adult_xbox.json"},{"targetScope":{"locale":{"language":"en","market":"nz"},"audienceMode":"adult","os":"xbox"},"src":"config_en-nz_adult_xbox.json"},{"targetScope":{"locale":{"language":"en","market":"ph"},"audienceMode":"adult","os":"xbox"},"src":"config_en-ph_adult_xbox.json"},{"targetScope":{"locale":{"language":"en","market":"sg"},"audienceMode":"adult","os":"xbox"},"src":"config_en-sg_adult_xbox.json"},{"targetScope":{"locale":{"language":"en","market":"us"},"audienceMode":"adult","os":"xbox"},"src":"config_en-us_adult_xbox.json"},{"targetScope":{"locale":{"language":"en","market":"xl"},"audienceMode":"adult","os":"xbox"},"src":"config_en-xl_adult_xbox.json"},{"targetScope":{"locale":{"language":"en","market":"za"},"audienceMode":"adult","os":"xbox"},"src":"config_en-za_adult_xbox.json"},{"targetScope":{"experimentId":"prg-translvfeed1"},"src":"config_prg-translvfeed1.json","description":"Translucent feed exp"},{"targetScope":{"experimentId":"prg-translvfeed2"},"src":"config_prg-translvfeed2.json","description":"Translucent feed exp"},{"targetScope":{"experimentId":"prg-translvfeed3"},"src":"config_prg-translvfeed3.json","description":"Translucent feed exp"},{"targetScope":{"experimentId":"prg-translvfeed4"},"src":"config_prg-translvfeed4.json","description":"Translucent feed exp"},{"targetScope":{"experimentId":"prg-translvfeed5"},"src":"config_prg-translvfeed5.json","description":"Translucent feed exp"},{"targetScope":{"experimentId":"prg-translvfeed6"},"src":"config_prg-translvfeed6.json","description":"Translucent feed exp"},{"targetScope":{"experimentId":"prg-dbbanner"},"src":"config_prg-dbbanner.json"},{"targetScope":{"experimentId":"prg-dbbannercf"},"src":"config_prg-dbbannercf.json"},{"targetScope":{"experimentId":"prg-edbr-srbten"},"src":"config_prg-edbr-srbten.json"},{"targetScope":{"experimentId":"prg-edbr-srbtst"},"src":"config_prg-edbr-srbtst.json"},{"targetScope":{"experimentId":"prg-edbr-srtoen"},"src":"config_prg-edbr-srtoen.json"},{"targetScope":{"experimentId":"prg-edbr-srtost"},"src":"config_prg-edbr-srtost.json"},{"targetScope":{"experimentId":"prg-edbr-fobt"},"src":"config_prg-edbr-fobt.json"},{"targetScope":{"experimentId":"prg-edbr-foto"},"src":"config_prg-edbr-foto.json"},{"targetScope":{"experimentId":"prg-autoscroll"},"src":"config_prg-autoscroll.json"},{"targetScope":{"experimentId":"prg-autoscrollc"},"src":"config_prg-autoscrollc.json"},{"targetScope":{"experimentId":"prg-promptr"},"src":"config_prg-promptr.json"},{"targetScope":{"experimentId":"prg-promptscroll"},"src":"config_prg-promptscroll.json"},{"targetScope":{"experimentId":"prg-promptc"},"src":"config_prg-promptc.json"},{"targetScope":{"experimentId":"prg-promptscrollc"},"src":"config_prg-promptscrollc.json"},{"targetScope":{"experimentId":"prg-tscollapse"},"src":"config_prg-tscollapse.json"},{"targetScope":{"experimentId":"prg-wpo-revwpots"},"src":"config_prg-wpo-revwpots.json"},{"targetScope":{"experimentId":"prg-wpo-tsclpinf"},"src":"config_prg-wpo-tsclpinf.json"},{"targetScope":{"experimentId":"prg-brandpontp"},"src":"config_prg-brandpontp.json"},{"targetScope":{"experimentId":"prg-2c3c-header"},"src":"config_prg-2c3c-header.json"},{"targetScope":{"experimentId":"prg-hld-theme"},"src":"config_prg-hld-theme.json"},{"targetScope":{"experimentId":"prg-ntp-sidebar"},"src":"config_prg-ntp-sidebar.json"},{"targetScope":{"experimentId":"prg-nontfc"},"src":"config_prg-nontfc.json"},{"targetScope":{"experimentId":"prg-ntfc"},"src":"config_prg-ntfc.json"},{"targetScope":{"experimentId":"prg-bttbtn1"},"src":"config_prg-bttbtn1.json"},{"targetScope":{"experimentId":"prg-bttbtnr"},"src":"config_prg-bttbtnr.json"},{"targetScope":{"experimentId":"prg-bttbtn2"},"src":"config_prg-bttbtn2.json"},{"targetScope":{"experimentId":"prg-btncf"},"src":"config_prg-btncf.json"},{"targetScope":{"experimentId":"prg-srchbtn"},"src":"config_prg-srchbtn.json"},{"targetScope":{"experimentId":"prg-hideqlnk-rev"},"src":"config_prg-hideqlnk-rev.json"},{"targetScope":{"experimentId":"prg-edgelitelmc","audienceMode":"adult"},"src":"config_prg-edgelitelmc_adult.json"},{"targetScope":{"experimentId":"prg-edgelitelm","audienceMode":"adult"},"src":"config_prg-edgelitelm_adult.json"},{"targetScope":{"experimentId":"prg-edgelitefm","audienceMode":"adult"},"src":"config_prg-edgelitefm_adult.json"},{"targetScope":{"experimentId":"prg-edgelitefmc","audienceMode":"adult"},"src":"config_prg-edgelitefmc_adult.json"},{"targetScope":{"experimentId":"prg-ntfc","audienceMode":"kids"},"src":"config_prg-ntfc_kids.json"},{"targetScope":{"experimentId":"prg-signinb","audienceMode":"adult"},"src":"config_prg-signinb_adult.json"},{"targetScope":{"experimentId":"prg-signinbanner","audienceMode":"adult"},"src":"config_prg-signinbanner_adult.json"},{"targetScope":{"experimentId":"prg-signinbnd","audienceMode":"adult"},"src":"config_prg-signinbnd_adult.json"},{"targetScope":{"experimentId":"prg-signinbp","audienceMode":"adult"},"src":"config_prg-signinbp_adult.json"},{"targetScope":{"experimentId":"prg-signinpc","audienceMode":"adult"},"src":"config_prg-signinpc_adult.json"},{"targetScope":{"experimentId":"prg-winheaddyn5","audienceMode":"adult"},"src":"config_prg-winheaddyn5_adult.json"},{"targetScope":{"experimentId":"prg-wpo-rrts1a5","audienceMode":"adult"},"src":"config_prg-wpo-rrts1a5_adult.json"},{"targetScope":{"experimentId":"prg-dstsdhp","audienceMode":"adult"},"src":"config_prg-dstsdhp_adult.json"},{"targetScope":{"audienceMode":"adult","experimentId":"prg-leftrail"},"src":"config_prg-leftrail_adult.json"},{"targetScope":{"experimentId":"prg-shfocins","audienceMode":"adult"},"src":"config_prg-shfocins_adult.json"},{"targetScope":{"experimentId":"prg-winheaddyn","audienceMode":"adult"},"src":"config_prg-winheaddyn_adult.json"},{"targetScope":{"experimentId":"prg-winheadsub","audienceMode":"adult"},"src":"config_prg-winheadsub_adult.json"},{"targetScope":{"experimentId":"prg-sdts","audienceMode":"adult"},"src":"config_prg-sdts_adult.json"},{"targetScope":{"experimentId":"prg-revertsh","audienceMode":"adult"},"src":"config_prg-revertsh_adult.json"},{"targetScope":{"experimentId":"prg-srchoverlay1","audienceMode":"adult"},"src":"config_prg-srchoverlay1_adult.json"},{"targetScope":{"experimentId":"prg-srchoverlay2","audienceMode":"adult"},"src":"config_prg-srchoverlay2_adult.json"},{"targetScope":{"experimentId":"prg-srchoverlay3","audienceMode":"adult"},"src":"config_prg-srchoverlay3_adult.json"},{"targetScope":{"experimentId":"prg-en-coreclaim","audienceMode":"enterprise"},"src":"config_prg-en-coreclaim_enterprise.json"},{"targetScope":{"experimentId":"prg-wpo-rentint","audienceMode":"enterprise"},"src":"config_prg-wpo-rentint_enterprise.json"},{"targetScope":{"experimentId":"prg-brandpontp","audienceMode":"enterprise"},"src":"config_prg-brandpontp_enterprise.json"},{"targetScope":{"experimentId":"prg-entcomp","audienceMode":"enterprise"},"src":"config_prg-entcomp_enterprise.json"},{"targetScope":{"experimentId":"prg-headdyn","audienceMode":"adult"},"src":"config_prg-headdyn_adult.json"},{"targetScope":{"experimentId":"prg-zoom-river","audienceMode":"adult"},"src":"config_prg-zoom-river_adult.json"},{"targetScope":{"experimentId":"prg-zoom-river97","audienceMode":"adult"},"src":"config_prg-zoom-river97_adult.json"},{"targetScope":{"experimentId":"prg-zoomr103","audienceMode":"adult"},"src":"config_prg-zoomr103_adult.json"},{"targetScope":{"experimentId":"prg-zoomr108","audienceMode":"adult"},"src":"config_prg-zoomr108_adult.json"},{"targetScope":{"experimentId":"prg-winheaddyn7","audienceMode":"adult"},"src":"config_prg-winheaddyn7_adult.json"},{"targetScope":{"experimentId":"prg-winheaddyn8","audienceMode":"adult"},"src":"config_prg-winheaddyn8_adult.json"},{"targetScope":{"experimentId":"prg-venusentp","audienceMode":"enterprise"},"src":"config_prg-venusentp_enterprise.json"},{"targetScope":{"experimentId":"prg-signinc","audienceMode":"adult"},"src":"config_prg-signinc_adult.json"},{"targetScope":{"experimentId":"prg-zoomln108","audienceMode":"adult"},"src":"config_prg-zoomln108_adult.json"},{"targetScope":{"experimentId":"prg-zoomln120","audienceMode":"adult"},"src":"config_prg-zoomln120_adult.json"},{"targetScope":{"experimentId":"prg-zoomln132","audienceMode":"adult"},"src":"config_prg-zoomln132_adult.json"},{"targetScope":{"experimentId":"prg-headdyn","audienceMode":"adult","locale":{"language":"en","market":"za"},"os":"xbox"},"src":"config_en-za_prg-headdyn_adult_xbox.json"},{"targetScope":{"experimentId":"prg-headdyn","audienceMode":"adult","locale":{"language":"en","market":"xl"},"os":"xbox"},"src":"config_en-xl_prg-headdyn_adult_xbox.json"},{"targetScope":{"experimentId":"prg-headdyn","audienceMode":"adult","locale":{"language":"en","market":"us"},"os":"xbox"},"src":"config_en-us_prg-headdyn_adult_xbox.json"},{"targetScope":{"experimentId":"prg-headdyn","audienceMode":"adult","locale":{"language":"en","market":"sg"},"os":"xbox"},"src":"config_en-sg_prg-headdyn_adult_xbox.json"},{"targetScope":{"experimentId":"prg-headdyn","audienceMode":"adult","locale":{"language":"en","market":"ph"},"os":"xbox"},"src":"config_en-ph_prg-headdyn_adult_xbox.json"},{"targetScope":{"experimentId":"prg-headdyn","audienceMode":"adult","locale":{"language":"en","market":"nz"},"os":"xbox"},"src":"config_en-nz_prg-headdyn_adult_xbox.json"},{"targetScope":{"experimentId":"prg-headdyn","audienceMode":"adult","locale":{"language":"en","market":"my"},"os":"xbox"},"src":"config_en-my_prg-headdyn_adult_xbox.json"},{"targetScope":{"experimentId":"prg-headdyn","audienceMode":"adult","locale":{"language":"en","market":"in"},"os":"xbox"},"src":"config_en-in_prg-headdyn_adult_xbox.json"},{"targetScope":{"experimentId":"prg-headdyn","audienceMode":"adult","locale":{"language":"en","market":"ie"},"os":"xbox"},"src":"config_en-ie_prg-headdyn_adult_xbox.json"},{"targetScope":{"experimentId":"prg-headdyn","audienceMode":"adult","locale":{"language":"en","market":"id"},"os":"xbox"},"src":"config_en-id_prg-headdyn_adult_xbox.json"},{"targetScope":{"experimentId":"prg-headdyn","audienceMode":"adult","locale":{"language":"en","market":"gb"},"os":"xbox"},"src":"config_en-gb_prg-headdyn_adult_xbox.json"},{"targetScope":{"experimentId":"prg-headdyn","audienceMode":"adult","locale":{"language":"en","market":"ca"},"os":"xbox"},"src":"config_en-ca_prg-headdyn_adult_xbox.json"},{"targetScope":{"experimentId":"prg-headdyn","audienceMode":"adult","locale":{"language":"en","market":"au"},"os":"xbox"},"src":"config_en-au_prg-headdyn_adult_xbox.json"},{"targetScope":{"experimentId":"prg-headdyn","audienceMode":"adult","locale":{"language":"en","market":"ae"},"os":"xbox"},"src":"config_en-ae_prg-headdyn_adult_xbox.json"},{"targetScope":{"experimentId":"prg-headdyn","audienceMode":"adult","locale":{"language":"ru","market":"ru"},"os":"xbox"},"src":"config_ru-ru_prg-headdyn_adult_xbox.json"},{"targetScope":{"experimentId":"prg-headdyn","audienceMode":"adult","locale":{"language":"pl","market":"pl"},"os":"xbox"},"src":"config_pl-pl_prg-headdyn_adult_xbox.json"},{"targetScope":{"experimentId":"prg-headdyn","audienceMode":"adult","locale":{"language":"ko","market":"kr"},"os":"xbox"},"src":"config_ko-kr_prg-headdyn_adult_xbox.json"},{"targetScope":{"experimentId":"prg-headdyn","audienceMode":"adult","locale":{"language":"es","market":"es"},"os":"xbox"},"src":"config_es-es_prg-headdyn_adult_xbox.json"},{"targetScope":{"experimentId":"prg-headdyn","audienceMode":"adult","locale":{"language":"pt","market":"br"},"os":"xbox"},"src":"config_pt-br_prg-headdyn_adult_xbox.json"},{"targetScope":{"experimentId":"prg-headdyn","audienceMode":"adult","locale":{"language":"ja","market":"jp"},"os":"xbox"},"src":"config_ja-jp_prg-headdyn_adult_xbox.json"},{"targetScope":{"experimentId":"prg-headdyn","audienceMode":"adult","locale":{"language":"it","market":"it"},"os":"xbox"},"src":"config_it-it_prg-headdyn_adult_xbox.json"},{"targetScope":{"experimentId":"prg-headdyn","audienceMode":"adult","locale":{"language":"fr","market":"fr"},"os":"xbox"},"src":"config_fr-fr_prg-headdyn_adult_xbox.json"},{"targetScope":{"experimentId":"prg-headdyn","audienceMode":"adult","locale":{"language":"es","market":"mx"},"os":"xbox"},"src":"config_es-mx_prg-headdyn_adult_xbox.json"},{"targetScope":{"experimentId":"prg-headdyn","audienceMode":"adult","locale":{"language":"de","market":"de"},"os":"xbox"},"src":"config_de-de_prg-headdyn_adult_xbox.json"}]}