{"experienceType":"InterestsWC","configs":[{"src":"config.json"},{"targetScope":{"locale":{"language":"fi"}},"src":"config_fi.json"},{"targetScope":{"locale":{"language":"pl"}},"src":"config_pl.json"},{"targetScope":{"locale":{"language":"sv"}},"src":"config_sv.json"},{"targetScope":{"locale":{"language":"vi"}},"src":"config_vi.json"},{"targetScope":{"locale":{"language":"el"}},"src":"config_el.json"},{"targetScope":{"locale":{"language":"he"}},"src":"config_he.json"},{"targetScope":{"locale":{"language":"th"}},"src":"config_th.json"},{"targetScope":{"locale":{"language":"fr"}},"src":"config_fr.json"},{"targetScope":{"locale":{"language":"cs"}},"src":"config_cs.json"},{"targetScope":{"locale":{"language":"te"}},"src":"config_te.json"},{"targetScope":{"locale":{"language":"it"}},"src":"config_it.json"},{"targetScope":{"locale":{"language":"nb"}},"src":"config_nb.json"},{"targetScope":{"locale":{"language":"ja"}},"src":"config_ja.json"},{"targetScope":{"locale":{"language":"hu"}},"src":"config_hu.json"},{"targetScope":{"locale":{"language":"ko"}},"src":"config_ko.json"},{"targetScope":{"locale":{"language":"da"}},"src":"config_da.json"},{"targetScope":{"locale":{"language":"de"}},"src":"config_de.json"},{"targetScope":{"locale":{"language":"ar"}},"src":"config_ar.json"},{"targetScope":{"locale":{"language":"es"}},"src":"config_es.json"},{"targetScope":{"locale":{"language":"hi"}},"src":"config_hi.json"},{"targetScope":{"locale":{"language":"nl"}},"src":"config_nl.json"},{"targetScope":{"locale":{"language":"ru"}},"src":"config_ru.json"},{"targetScope":{"locale":{"language":"tr"}},"src":"config_tr.json"},{"targetScope":{"locale":{"language":"id"}},"src":"config_id.json"},{"targetScope":{"locale":{"language":"mr"}},"src":"config_mr.json"},{"targetScope":{"locale":{"language":"en"}},"src":"config_en.json"},{"targetScope":{"locale":{"language":"en","market":"us"}},"src":"config_en-us.json"},{"targetScope":{"locale":{"language":"bn","market":"in"}},"src":"config_bn-in.json"},{"targetScope":{"locale":{"language":"en","market":"au"}},"src":"config_en-au.json"},{"targetScope":{"locale":{"language":"en","market":"gb"}},"src":"config_en-gb.json"},{"targetScope":{"locale":{"language":"es","market":"ar"}},"src":"config_es-ar.json"},{"targetScope":{"locale":{"language":"fr","market":"ca"}},"src":"config_fr-ca.json"},{"targetScope":{"locale":{"language":"pt","market":"pt"}},"src":"config_pt-pt.json"},{"targetScope":{"locale":{"language":"zh","market":"tw"}},"src":"config_zh-tw.json"},{"targetScope":{"locale":{"language":"fr","market":"be"}},"src":"config_fr-be.json"},{"targetScope":{"locale":{"language":"en","market":"ca"}},"src":"config_en-ca.json"},{"targetScope":{"locale":{"language":"pt","market":"br"}},"src":"config_pt-br.json"},{"targetScope":{"locale":{"language":"en","market":"in"}},"src":"config_en-in.json"},{"targetScope":{"locale":{"language":"zh","market":"cn"}},"src":"config_zh-cn.json"},{"targetScope":{"locale":{"language":"de","market":"ch"}},"src":"config_de-ch.json"},{"targetScope":{"locale":{"language":"nl","market":"be"}},"src":"config_nl-be.json"},{"targetScope":{"locale":{"language":"es","market":"es"}},"src":"config_es-es.json"},{"targetScope":{"locale":{"language":"zh","market":"hk"}},"src":"config_zh-hk.json"},{"targetScope":{"locale":{"language":"de","market":"at"}},"src":"config_de-at.json"},{"targetScope":{"locale":{"market":"no","language":"nb"}},"src":"config_nb-no.json"},{"targetScope":{"locale":{"market":"dk","language":"da"}},"src":"config_da-dk.json"},{"targetScope":{"locale":{"market":"it","language":"it"}},"src":"config_it-it.json"},{"targetScope":{"locale":{"language":"en","market":"ie"}},"src":"config_en-ie.json"},{"targetScope":{"locale":{"language":"en","market":"sg"}},"src":"config_en-sg.json"},{"targetScope":{"locale":{"language":"en","market":"my"}},"src":"config_en-my.json"},{"targetScope":{"locale":{"language":"en","market":"za"}},"src":"config_en-za.json"},{"targetScope":{"locale":{"language":"en","market":"ae"}},"src":"config_en-ae.json"},{"targetScope":{"locale":{"language":"en","market":"nz"}},"src":"config_en-nz.json"},{"targetScope":{"locale":{"market":"xl","language":"en"}},"src":"config_en-xl.json"},{"targetScope":{"locale":{"market":"ph","language":"en"}},"src":"config_en-ph.json"},{"targetScope":{"locale":{"language":"de","market":"de"}},"src":"config_de-de.json"},{"targetScope":{"locale":{"language":"es","market":"cl"}},"src":"config_es-cl.json"},{"targetScope":{"locale":{"language":"fr","market":"ch"}},"description":"Weather card","src":"config_fr-ch.json"},{"targetScope":{"locale":{"language":"es","market":"us"}},"src":"config_es-us.json"},{"targetScope":{"locale":{"language":"es","market":"ve"}},"src":"config_es-ve.json"},{"targetScope":{"locale":{"language":"fr","market":"fr"}},"src":"config_fr-fr.json"},{"targetScope":{"locale":{"language":"fr","market":"xl"}},"src":"config_fr-xl.json"},{"targetScope":{"locale":{"language":"es","market":"xl"}},"src":"config_es-xl.json"},{"targetScope":{"locale":{"language":"es","market":"co"}},"src":"config_es-co.json"},{"targetScope":{"locale":{"language":"es","market":"mx"}},"src":"config_es-mx.json"},{"targetScope":{"locale":{"language":"es","market":"pe"}},"src":"config_es-pe.json"},{"targetScope":{"locale":{"language":"nl","market":"nl"}},"src":"config_nl-nl.json"},{"targetScope":{"locale":{"language":"ja","market":"jp"}},"src":"config_ja-jp.json"},{"targetScope":{"locale":{"language":"ko","market":"kr"}},"src":"config_ko-kr.json"},{"targetScope":{"locale":{"language":"he","market":"il"}},"src":"config_he-il.json"},{"targetScope":{"locale":{"language":"vi","market":"vn"}},"src":"config_vi-vn.json"},{"targetScope":{"locale":{"language":"tr","market":"tr"}},"src":"config_tr-tr.json"},{"targetScope":{"locale":{"language":"th","market":"th"}},"src":"config_th-th.json"},{"targetScope":{"locale":{"language":"sv","market":"se"}},"src":"config_sv-se.json"},{"targetScope":{"locale":{"language":"pl","market":"pl"}},"src":"config_pl-pl.json"},{"targetScope":{"locale":{"language":"id","market":"id"}},"src":"config_id-id.json"},{"targetScope":{"locale":{"language":"hu","market":"hu"}},"src":"config_hu-hu.json"},{"targetScope":{"locale":{"language":"fi","market":"fi"}},"src":"config_fi-fi.json"},{"targetScope":{"locale":{"language":"el","market":"gr"}},"src":"config_el-gr.json"},{"targetScope":{"locale":{"language":"cs","market":"cz"}},"src":"config_cs-cz.json"},{"targetScope":{"locale":{"language":"ru","market":"ru"}},"src":"config_ru-ru.json"},{"targetScope":{"audienceMode":"adult"},"src":"config_adult.json"},{"targetScope":{"audienceMode":"enterprise"},"src":"config_enterprise.json"},{"targetScope":{"locale":{"language":"en"},"audienceMode":"adult"},"src":"config_en_adult.json"},{"targetScope":{"locale":{"language":"en","market":"gb"},"audienceMode":"adult"},"src":"config_en-gb_adult.json"},{"targetScope":{"locale":{"market":"us","language":"en"},"audienceMode":"adult"},"src":"config_en-us_adult.json"},{"targetScope":{"locale":{"market":"ca","language":"en"},"audienceMode":"adult"},"src":"config_en-ca_adult.json"},{"targetScope":{"locale":{"market":"au","language":"en"},"audienceMode":"adult"},"src":"config_en-au_adult.json"},{"targetScope":{"locale":{"market":"in","language":"en"},"audienceMode":"adult"},"src":"config_en-in_adult.json"},{"targetScope":{"locale":{"market":"nz","language":"en"},"audienceMode":"adult"},"src":"config_en-nz_adult.json"},{"targetScope":{"audienceMode":"enterprise","browser":{"version":{"greaterThan":86},"browserType":"edgeChromium"}},"src":"config_enterprise_greaterThan86-edgeChromium.json"},{"targetScope":{"experimentId":"prg-topiccard-t"},"src":"config_prg-topiccard-t.json"},{"targetScope":{"experimentId":"prg-actionint-t"},"src":"config_prg-actionint-t.json"},{"targetScope":{"experimentId":"prg-anastripetx"},"src":"config_prg-anastripetx.json"},{"targetScope":{"experimentId":"prg-sagehub"},"src":"config_prg-sagehub.json"},{"targetScope":{"experimentId":"prg-nontfc"},"src":"config_prg-nontfc.json"},{"targetScope":{"experimentId":"prg-ntfc"},"src":"config_prg-ntfc.json"},{"targetScope":{"experimentId":"prg-translvfeed1"},"src":"config_prg-translvfeed1.json","description":"Translucent feed exp"},{"targetScope":{"experimentId":"prg-translvfeed2"},"src":"config_prg-translvfeed2.json","description":"Translucent feed exp"},{"targetScope":{"experimentId":"prg-translvfeed3"},"src":"config_prg-translvfeed3.json","description":"Translucent feed exp"},{"targetScope":{"experimentId":"prg-translvfeed4"},"src":"config_prg-translvfeed4.json","description":"Translucent feed exp"},{"targetScope":{"experimentId":"prg-translvfeed5"},"src":"config_prg-translvfeed5.json","description":"Translucent feed exp"},{"targetScope":{"experimentId":"prg-translvfeed6"},"src":"config_prg-translvfeed6.json","description":"Translucent feed exp"},{"targetScope":{"locale":{"language":"en","market":"us"},"experimentId":"prg-wpo-wlt"},"src":"config_en-us_prg-wpo-wlt.json"},{"targetScope":{"locale":{"language":"en","market":"us"},"experimentId":"prg-wpo-wltsd"},"src":"config_en-us_prg-wpo-wltsd.json"},{"targetScope":{"locale":{"market":"jp","language":"ja"},"experimentId":"prg-anastripet6"},"src":"config_ja-jp_prg-anastripet6.json"},{"targetScope":{"locale":{"market":"nl","language":"nl"},"experimentId":"prg-onlyelctns"},"src":"config_nl-nl_prg-onlyelctns.json"},{"targetScope":{"locale":{"market":"us","language":"en"},"experimentId":"prg-onlyelctns"},"src":"config_en-us_prg-onlyelctns.json"},{"targetScope":{"locale":{"market":"xl","language":"en"},"experimentId":"prg-onlyelctns"},"src":"config_en-xl_prg-onlyelctns.json"},{"targetScope":{"locale":{"market":"jp","language":"ja"},"experimentId":"prg-anastripet7"},"src":"config_ja-jp_prg-anastripet7.json"},{"targetScope":{"locale":{"market":"gb","language":"en"},"experimentId":"prg-weathersd"},"src":"config_en-gb_prg-weathersd.json"},{"targetScope":{"locale":{"market":"us","language":"en"},"experimentId":"prg-wpo-horb"},"description":"","src":"config_en-us_prg-wpo-horb.json"},{"targetScope":{"locale":{"market":"us","language":"en"},"experimentId":"prg-wpo-hor"},"description":"","src":"config_en-us_prg-wpo-hor.json"},{"targetScope":{"locale":{"market":"us","language":"en"},"experimentId":"prg-wpo-otd"},"description":"personalize config for onThisDay","src":"config_en-us_prg-wpo-otd.json"},{"targetScope":{"locale":{"market":"us","language":"en"},"experimentId":"prg-disablepivot"},"description":"","src":"config_en-us_prg-disablepivot.json"},{"targetScope":{"locale":{"market":"us","language":"en"},"experimentId":"prg-sage-text"},"src":"config_en-us_prg-sage-text.json"},{"targetScope":{"locale":{"market":"us","language":"en"},"experimentId":"prg-dispers"},"src":"config_en-us_prg-dispers.json"},{"targetScope":{"locale":{"market":"au","language":"en"},"experimentId":"prg-sh-shopcar"},"src":"config_en-au_prg-sh-shopcar.json"},{"targetScope":{"locale":{"market":"ca","language":"en"},"experimentId":"prg-sh-shopcar"},"src":"config_en-ca_prg-sh-shopcar.json"},{"targetScope":{"locale":{"market":"gb","language":"en"},"experimentId":"prg-sh-shopcar"},"src":"config_en-gb_prg-sh-shopcar.json"},{"targetScope":{"locale":{"language":"en","market":"us"},"experimentId":"prg-1s-gsdcard"},"src":"config_en-us_prg-1s-gsdcard.json"},{"targetScope":{"locale":{"language":"en","market":"us"},"experimentId":"prg-1s-gro-target"},"src":"config_en-us_prg-1s-gro-target.json"},{"targetScope":{"locale":{"language":"en","market":"us"},"experimentId":"prg-1s-gro-target2"},"src":"config_en-us_prg-1s-gro-target2.json"},{"targetScope":{"locale":{"market":"us","language":"en"},"experimentId":"prg-wpo-xmktcard"},"src":"config_en-us_prg-wpo-xmktcard.json"},{"targetScope":{"locale":{"market":"ca","language":"en"},"experimentId":"prg-wpo-xmktcard"},"src":"config_en-ca_prg-wpo-xmktcard.json"},{"targetScope":{"experimentId":"prg-ent-traffic","audienceMode":"enterprise"},"src":"config_prg-ent-traffic_enterprise.json"},{"targetScope":{"experimentId":"prg-ent-dscvrsrch","audienceMode":"enterprise"},"src":"config_prg-ent-dscvrsrch_enterprise.json"},{"targetScope":{"experimentId":"prg-ntfcallmkt","audienceMode":"adult"},"src":"config_prg-ntfcallmkt_adult.json"},{"targetScope":{"experimentId":"prg-nofeedbkgd3","audienceMode":"adult"},"src":"config_prg-nofeedbkgd3_adult.json"},{"targetScope":{"experimentId":"prg-nofeedbkgd4","audienceMode":"adult"},"src":"config_prg-nofeedbkgd4_adult.json"},{"targetScope":{"experimentId":"prg-nofeedbkgd5","audienceMode":"adult"},"src":"config_prg-nofeedbkgd5_adult.json"},{"targetScope":{"experimentId":"prg-nofeedbkgd6","audienceMode":"adult"},"src":"config_prg-nofeedbkgd6_adult.json"},{"targetScope":{"experimentId":"prg-intwin","audienceMode":"adult"},"src":"config_prg-intwin_adult.json"},{"targetScope":{"experimentId":"prg-wc-elctns","audienceMode":"adult"},"src":"config_prg-wc-elctns_adult.json"},{"targetScope":{"experimentId":"prg-headdyn","audienceMode":"adult"},"src":"config_prg-headdyn_adult.json"},{"targetScope":{"locale":{"language":"en","market":"us"},"experimentId":"prg-1sw-hide1top","audienceMode":"adult"},"src":"config_en-us_prg-1sw-hide1top_adult.json"},{"targetScope":{"locale":{"language":"en","market":"us"},"experimentId":"prg-intwin","audienceMode":"enterprise"},"src":"config_en-us_prg-intwin_enterprise.json"},{"targetScope":{"locale":{"market":"us","language":"en"},"experimentId":"prg-wpo-otdwc","audienceMode":"adult"},"src":"config_en-us_prg-wpo-otdwc_adult.json"},{"targetScope":{"locale":{"market":"us","language":"en"},"experimentId":"prg-wpo-totd","audienceMode":"adult"},"src":"config_en-us_prg-wpo-totd_adult.json"},{"targetScope":{"locale":{"market":"us","language":"en"},"experimentId":"prg-wpo-totd2","audienceMode":"adult"},"src":"config_en-us_prg-wpo-totd2_adult.json"},{"targetScope":{"locale":{"market":"us","language":"en"},"experimentId":"prg-wpo-totd3","audienceMode":"adult"},"src":"config_en-us_prg-wpo-totd3_adult.json"},{"targetScope":{"locale":{"market":"us","language":"en"},"experimentId":"prg-wc-ltry","audienceMode":"adult"},"src":"config_en-us_prg-wc-ltry_adult.json"},{"targetScope":{"locale":{"market":"us","language":"en"},"experimentId":"prg-wpo-1esprt","audienceMode":"adult"},"src":"config_en-us_prg-wpo-1esprt_adult.json"},{"targetScope":{"locale":{"market":"us","language":"en"},"experimentId":"prg-wpo-esports","audienceMode":"adult"},"src":"config_en-us_prg-wpo-esports_adult.json"},{"targetScope":{"locale":{"market":"us","language":"en"},"experimentId":"prg-wpo-sdfuzz","audienceMode":"adult"},"src":"config_en-us_prg-wpo-sdfuzz_adult.json"},{"targetScope":{"locale":{"language":"en","market":"us"},"experimentId":"prg-wpo-qnasc","audienceMode":"adult"},"src":"config_en-us_prg-wpo-qnasc_adult.json"},{"targetScope":{"locale":{"language":"en","market":"us"},"experimentId":"prg-wpo-autosd","audienceMode":"adult"},"src":"config_en-us_prg-wpo-autosd_adult.json"},{"targetScope":{"locale":{"language":"en","market":"us"},"experimentId":"prg-wpo-rewards","audienceMode":"adult"},"src":"config_en-us_prg-wpo-rewards_adult.json"},{"targetScope":{"locale":{"language":"en","market":"us"},"experimentId":"prg-wpo-inspiration","audienceMode":"adult"},"src":"config_en-us_prg-wpo-inspiration_adult.json"},{"targetScope":{"locale":{"language":"en","market":"ca"},"experimentId":"prg-wpo-inspiration","audienceMode":"adult"},"src":"config_en-ca_prg-wpo-inspiration_adult.json"},{"targetScope":{"locale":{"language":"en","market":"au"},"experimentId":"prg-1sw-hide1top","audienceMode":"adult"},"src":"config_en-au_prg-1sw-hide1top_adult.json"},{"targetScope":{"locale":{"language":"en","market":"ca"},"experimentId":"prg-1sw-hide1top","audienceMode":"adult"},"src":"config_en-ca_prg-1sw-hide1top_adult.json"},{"targetScope":{"locale":{"language":"en","market":"in"},"experimentId":"prg-1sw-hide1top","audienceMode":"adult"},"src":"config_en-in_prg-1sw-hide1top_adult.json"},{"targetScope":{"locale":{"language":"ru","market":"ru"},"experimentId":"prg-ent-traffic","audienceMode":"enterprise"},"src":"config_ru-ru_prg-ent-traffic_enterprise.json"},{"targetScope":{"locale":{"language":"ja","market":"jp"},"experimentId":"prg-ent-traffic","audienceMode":"enterprise"},"src":"config_ja-jp_prg-ent-traffic_enterprise.json"},{"targetScope":{"locale":{"language":"mr","market":"in"},"experimentId":"prg-ent-traffic","audienceMode":"enterprise"},"src":"config_mr-in_prg-ent-traffic_enterprise.json"},{"targetScope":{"locale":{"language":"hi","market":"in"},"experimentId":"prg-ent-traffic","audienceMode":"enterprise"},"src":"config_hi-in_prg-ent-traffic_enterprise.json"},{"targetScope":{"locale":{"language":"bn","market":"in"},"experimentId":"prg-ent-traffic","audienceMode":"enterprise"},"src":"config_bn-in_prg-ent-traffic_enterprise.json"},{"targetScope":{"locale":{"language":"es","market":"ve"},"experimentId":"prg-ent-traffic","audienceMode":"enterprise"},"src":"config_es-ve_prg-ent-traffic_enterprise.json"},{"targetScope":{"locale":{"language":"te","market":"in"},"experimentId":"prg-ent-traffic","audienceMode":"enterprise"},"src":"config_te-in_prg-ent-traffic_enterprise.json"},{"targetScope":{"locale":{"language":"ko","market":"kr"},"experimentId":"prg-ent-traffic","audienceMode":"enterprise"},"src":"config_ko-kr_prg-ent-traffic_enterprise.json"},{"targetScope":{"locale":{"language":"en","market":"us"},"experimentId":"prg-1sw-hide1topc","audienceMode":"adult"},"src":"config_en-us_prg-1sw-hide1topc_adult.json"},{"targetScope":{"locale":{"language":"en","market":"in"},"experimentId":"prg-1sw-hide1topc","audienceMode":"adult"},"src":"config_en-in_prg-1sw-hide1topc_adult.json"},{"targetScope":{"locale":{"language":"en","market":"ca"},"experimentId":"prg-1sw-hide1topc","audienceMode":"adult"},"src":"config_en-ca_prg-1sw-hide1topc_adult.json"},{"targetScope":{"locale":{"language":"en","market":"au"},"experimentId":"prg-1sw-hide1topc","audienceMode":"adult"},"src":"config_en-au_prg-1sw-hide1topc_adult.json"},{"targetScope":{"locale":{"market":"nl","language":"nl"},"experimentId":"prg-onlyelctns","audienceMode":"enterprise","browser":{"version":{"greaterThan":86},"browserType":"edgeChromium"}},"src":"config_nl-nl_prg-onlyelctns_enterprise_complexScope-edgeChromium.json"},{"targetScope":{"locale":{"market":"gb","language":"en"},"experimentId":"prg-weathersd","audienceMode":"enterprise","browser":{"version":{"greaterThan":86},"browserType":"edgeChromium"}},"src":"config_en-gb_prg-weathersd_enterprise_complexScope-edgeChromium.json"},{"targetScope":{"locale":{"market":"au","language":"en"},"experimentId":"prg-sh-shopcar","audienceMode":"enterprise","browser":{"version":{"greaterThan":86},"browserType":"edgeChromium"}},"src":"config_en-au_prg-sh-shopcar_enterprise_complexScope-edgeChromium.json"},{"targetScope":{"locale":{"market":"ca","language":"en"},"experimentId":"prg-sh-shopcar","audienceMode":"enterprise","browser":{"version":{"greaterThan":86},"browserType":"edgeChromium"}},"src":"config_en-ca_prg-sh-shopcar_enterprise_complexScope-edgeChromium.json"},{"targetScope":{"locale":{"market":"gb","language":"en"},"experimentId":"prg-sh-shopcar","audienceMode":"enterprise","browser":{"version":{"greaterThan":86},"browserType":"edgeChromium"}},"src":"config_en-gb_prg-sh-shopcar_enterprise_complexScope-edgeChromium.json"}]}