{"properties":{"navigationConfig":{"hamburgerMenuItems":[{"id":"news","display":"Новости","displayKey":"news","iconName":"news","renderInfo":{"renderType":0,"path":"news","context":{"feedId":"Y_aa667606-d097-45dc-b937-d315da31fed9"},"experienceConfigRef":{"instanceId":"XfeedWC","configRef":{"experienceType":"XfeedWC","instanceSrc":"default"}}},"verticalKey":"news","children":[{"display":"Знаменитости","id":"entertainment","renderInfo":{"renderType":0,"path":"entertainment","context":{"feedId":"Y_849042e1-36c1-4410-a538-d1525581e51b"},"experienceConfigRef":{"instanceId":"XfeedWC","configRef":{"experienceType":"XfeedWC","instanceSrc":"default"}}}},{"display":"Стиль","id":"lifestyle","renderInfo":{"renderType":0,"path":"lifestyle","context":{"feedId":"Y_ba2b8f48-6533-4a3b-ac9e-7d05432a34fa"},"experienceConfigRef":{"instanceId":"XfeedWC","configRef":{"experienceType":"XfeedWC","instanceSrc":"default"}}}},{"display":"Статьи","id":"topic","renderInfo":{"renderType":0,"path":"topic","context":{"feedId":"Y_d809a79a-6ecd-455c-a60a-781b6ee0e14d"},"experienceConfigRef":{"instanceId":"XfeedWC","configRef":{"experienceType":"XfeedWC","instanceSrc":"default"}}}},{"display":"Фото","id":"other","renderInfo":{"renderType":0,"path":"other","context":{"feedId":"Y_afbf90d3-e04f-4312-9828-47633fbef5aa"},"experienceConfigRef":{"instanceId":"XfeedWC","configRef":{"experienceType":"XfeedWC","instanceSrc":"default"}}}},{"display":"Видео","id":"video","renderInfo":{"renderType":0,"path":"video","context":{"feedId":"Y_0bb20a1c-3f24-413a-b3f6-31c850794c13"},"experienceConfigRef":{"instanceId":"XfeedWC","configRef":{"experienceType":"XfeedWC","instanceSrc":"default"}}}}]},{"display":"Погода","id":"weather","iconName":"clouds","renderInfo":{"renderType":3,"externalUrl":"https://www.msn.com/ru-ru/weather"},"verticalKey":"weather","children":[{"display":"Карты","id":"weather-maps","renderInfo":{"renderType":3,"externalUrl":"https://www.msn.com/ru-ru/weather/maps"}}]},{"id":"sports","display":"Спорт","iconName":"sports","renderInfo":{"renderType":3,"externalUrl":"https://www.msn.com/ru-ru/sports"},"children":[{"id":"sports-soccer","display":"Футбол","renderInfo":{"renderType":3,"externalUrl":"https://www.msn.com/ru-ru/sports/soccer"}},{"id":"sports-icehockey","display":"Хоккей","renderInfo":{"renderType":3,"externalUrl":"https://www.msn.com/ru-ru/sports/ice-hockey"}},{"id":"sports-basketball","display":"Баскетбол","renderInfo":{"renderType":3,"externalUrl":"https://www.msn.com/ru-ru/sports/basketball"}},{"id":"sports-tennis","display":"Теннис","renderInfo":{"renderType":3,"externalUrl":"https://www.msn.com/ru-ru/sports/tennis"}}]},{"display":"Финансы","id":"finance","iconName":"money","renderInfo":{"renderType":3,"externalUrl":"https://www.msn.com/50/ru-ru/01"},"verticalKey":"finance","children":[{"display":"Рынки","renderInfo":{"renderType":3,"externalUrl":"https://www.msn.com/ru-ru/money/markets"},"id":"finance-markets"},{"display":"Недвижимость","renderInfo":{"renderType":3,"externalUrl":"https://www.msn.com/ru-ru/money/realestate"},"id":"finance-real-estate"},{"display":"Портфель","renderInfo":{"renderType":3,"externalUrl":"https://www.msn.com/ru-ru/money/watchlist"},"id":"finance-watchlist"},{"display":"Инструменты","renderInfo":{"renderType":3,"externalUrl":"https://www.msn.com/ru-ru/money/tools"},"id":"finance-tools"}]}],"interestsNavigationItem":{"children":[{"id":"mySaves","display":"My Saves","displayKey":"mySaves","renderInfo":{"renderType":0,"path":"personalize/saves","context":{"pageType":"MySaves"},"usePathNameAsIs":true,"experienceConfigRef":{"instanceId":"InterestsWC","configRef":{"experienceType":"InterestsWC","instanceSrc":"default"}}},"telemetryInfo":{"pageName":"cinterests"}},{"id":"history","display":"History","displayKey":"history","renderInfo":{"renderType":0,"path":"personalize/history","context":{"pageType":"History"},"usePathNameAsIs":true,"experienceConfigRef":{"instanceId":"InterestsWC","configRef":{"experienceType":"InterestsWC","instanceSrc":"default"}}},"telemetryInfo":{"pageName":"cinterests"}},{"id":"experienceSettings","display":"Experience Settings","displayKey":"experienceSettings","renderInfo":{"renderType":0,"path":"personalize/settings","context":{"pageType":"Setting"},"usePathNameAsIs":true,"experienceConfigRef":{"instanceId":"InterestsWC","configRef":{"experienceType":"InterestsWC","instanceSrc":"default"}}},"telemetryInfo":{"pageName":"cinterests"}}]},"contextualNavItems":[{"id":"Коронавирус","display":"Коронавирус","displayKey":"Коронавирус","renderInfo":{"renderType":3,"externalUrl":"https://www.msn.com/ru-ru/news/coronavirus"},"verticalKey":"Коронавирус"},{"id":"Картинадня","display":"Картина дня","renderInfo":{"renderType":0,"path":"Картинадня","context":{"feedId":"Y_39820474-a877-4c53-aff6-867ea60e7afd"},"experienceConfigRef":{"instanceId":"XfeedWC","configRef":{"experienceType":"XfeedWC","instanceSrc":"default"}}}},{"id":"Главныеновости","display":"Главные новости","renderInfo":{"renderType":0,"path":"Главныеновости","context":{"feedId":"Y_aa667606-d097-45dc-b937-d315da31fed9"},"experienceConfigRef":{"instanceId":"XfeedWC","configRef":{"experienceType":"XfeedWC","instanceSrc":"default"}}}},{"id":"sports","display":"Спортивные новости","displayKey":"sports","renderInfo":{"renderType":3,"externalUrl":"https://www.msn.com/ru-ru/sports"},"verticalKey":"sports"},{"id":"Знаменитости","display":"Знаменитости","renderInfo":{"renderType":0,"path":"News","context":{"feedId":"Y_849042e1-36c1-4410-a538-d1525581e51b"},"experienceConfigRef":{"instanceId":"XfeedWC","configRef":{"experienceType":"XfeedWC","instanceSrc":"default"}}}},{"id":"Стиль","display":"Стиль","renderInfo":{"renderType":0,"path":"Стиль","context":{"feedId":"Y_ba2b8f48-6533-4a3b-ac9e-7d05432a34fa"},"experienceConfigRef":{"instanceId":"XfeedWC","configRef":{"experienceType":"XfeedWC","instanceSrc":"default"}}}},{"id":"Статьи","display":"Статьи","renderInfo":{"renderType":0,"path":"Статьи","context":{"feedId":"Y_d809a79a-6ecd-455c-a60a-781b6ee0e14d"},"experienceConfigRef":{"instanceId":"XfeedWC","configRef":{"experienceType":"XfeedWC","instanceSrc":"default"}}}},{"id":"Деловыеновости","display":"Деловые новости","renderInfo":{"renderType":0,"path":"Деловыеновости","context":{"feedId":"Y_8620ed3a-49c8-4420-8465-012295dc7c2b"},"experienceConfigRef":{"instanceId":"XfeedWC","configRef":{"experienceType":"XfeedWC","instanceSrc":"default"}}}},{"id":"Фото","display":"Фото","renderInfo":{"renderType":0,"path":"Фото","context":{"feedId":"Y_afbf90d3-e04f-4312-9828-47633fbef5aa"},"experienceConfigRef":{"instanceId":"XfeedWC","configRef":{"experienceType":"XfeedWC","instanceSrc":"default"}}}},{"id":"Видео","display":"Видео","renderInfo":{"renderType":0,"path":"Видео","context":{"feedId":"Y_0bb20a1c-3f24-413a-b3f6-31c850794c13"},"experienceConfigRef":{"instanceId":"XfeedWC","configRef":{"experienceType":"XfeedWC","instanceSrc":"default"}}}},{"id":"traffic","display":"Traffic","displayKey":"traffic","iconName":"traffic","renderInfo":{"renderType":3,"externalUrl":"https://www.msn.com/ru-ru/traffic"}},{"id":"maps","display":"Maps","displayKey":"traffic_maps","renderInfo":{"renderType":3,"externalUrl":"https://www.bing.com/maps?FORM=ntpmap&setlang=ru-ru"}}]}}}