{"properties":{"localizedStrings":{"myInterests":"Мои интересы","subscriptions":"Подписки","mySaves":"Мои сохраненные статьи","history":"Журнал","experienceSettings":"Настройки интерфейса","notification":"Уведомление","closeButtonTooltip":"Закрыть меню","menuButtonTooltip":"Открыть меню навигации","overflowButtonTooltip":"Показать другие темы","personalizeButtonText":"Персонализировать","coronavirus":"Коронавирус","home":"Главная","inspiration":"Вдохновение","myFeed":"Мой канал","productivityHub":"Office 365","gaming":"Игры","gamingHub":"MSN Esports","news":"Новости","news_us":"Новости США","news_world":"Мировые новости","news_scienceandtechnology":"Наука и технологии","news_crime":"Криминал","news_politics":"Политика","news_entertainment":"Развлечения","news_lifestyle":"Стиль жизни","news_autos":"Автомобили","sports":"Спорт","sports_basketball_nba":"NBA","sports_basketball_ncaa":"NCAA BK","sports_baseball_mlb":"MLB","sports_icehockey_nhl":"NHL","sports_football_nfl":"NFL","sports_golf":"Гольф","sports_tennis":"Теннис","sports_racing":"Гонки","sports_football_ncaa":"NCAA FB","sports_esports":"Киберспорт","sports_mmaufc":"MMA / UFC","sports_soccer":"Футбол","sports_basketball_wnba":"WNBA","sports_cricket":"Крикет","sports_rugbyleague":"Лига регби","sports_rugbyunion":"Союз регби","sports_latestodds":"Шансы","sports_video":"Видео","sports_allcompetitions":"Все соревнования","sports_myfavorites":"Мое избранное","weather":"Погода","weather_maps":"Карты","weather_activealerts":"Неблагоприятные погодные условия","weather_hurricanes":"Ураганы","traffic":"Ситуация на дорогах","traffic_maps":"Карты","finance":"Финансы","finance_markets":"Рынки","finance_investing":"Инвестирование","finance_personalfinance":"Личные финансы","finance_realestate":"Недвижимость","finance_careers":"Карьера","finance_smallbusiness":"Малый бизнес","finance_watchlist":"Список отслеживания","finance_mortgages":"Ипотеки","finance_savingsrate":"Ставки по вкладам","finance_personalloans":"Личные кредиты","finance_tools":"Инструменты","shopping":"Покупки"}}}