{"experienceType":"WeatherData","configs":[{"src":"config.json"},{"targetScope":{"locale":{"market":"cn","language":"zh"}},"src":"config_zh-cn.json"},{"targetScope":{"locale":{"language":"en","market":"us"}},"src":"config_en-us.json"},{"targetScope":{"locale":{"language":"es","market":"us"}},"src":"config_es-us.json"},{"targetScope":{"experimentId":"prg-newweatherdc"},"src":"config_prg-newweatherdc.json"},{"targetScope":{"locale":{"language":"en"},"experimentId":"prg-wea-hovercard"},"src":"config_en_prg-wea-hovercard.json"},{"targetScope":{"locale":{"language":"en"},"experimentId":"prg-wea-hover3sautor"},"src":"config_en_prg-wea-hover3sautor.json"},{"targetScope":{"locale":{"language":"en"},"experimentId":"prg-wea-hover5sautor"},"src":"config_en_prg-wea-hover5sautor.json"},{"targetScope":{"locale":{"language":"en"},"experimentId":"prg-wea-hovermanualr"},"src":"config_en_prg-wea-hovermanualr.json"}]}