{"properties":{"autoSuggestConfig":{"useV6":true,"suggestionTypes":"address,business,place","includeSubTypes":"Road,Address"},"enableNotificationExperience":false,"topicListRenderCount":3,"topicListInitialRenderTimeout":1000,"followedInterestsSectionId":"followedInterestsSection","mutedPublishersSectionId":"mutedPublishersSection","mutedPublisherPlaceholderImageUrl":"https://img-s-msn-com.akamaized.net/tenant/amp/entityid/BBXk7XV.img","informationCardSectionId":"informationCardSection","recommendedTopicsSectionId":"recommended-topics-section","readStoriesSectionId":"readStoriesSection","savedStoriesEmptyListMessage":{"tag":"h4","size":8,"children":"No saved stories"},"savedStoriesSectionHeader":{"children":"Saved Stories","size":5,"tag":"h5"},"savedStoriesConfigInfo":{"instanceId":"ContentPreview","configRef":{"experienceType":"ContentPreview","instanceSrc":"default","sharedNs":"msn-ns"}},"savedStoriesCardSize":{"virtualCardSize":2,"cardWidth":"100%","cardHeight":163},"errorMessage":{"children":"Don't worry, this won't last long! Try coming back in a few minutes or try refreshing the page.","size":5,"tag":"p"},"errorMessageHeading":{"children":"Our Service is temporarily down","size":3,"tag":"p"},"topicListSectionTitleTag":"h5","topicListSectionTitleSize":5,"informationCardHeader":{"children":"Information cards","size":5,"tag":"h5"},"mutedPublisherSectionHeader":{"children":"Hidden Publishers","size":5,"tag":"h5"},"unMuteActionButton":{"children":"Show stories"},"confirmationHeading":{"size":7,"tag":"h6"},"confirmationMessage":{"tag":"p","size":7},"dialogConfirmButton":{"children":"Confirm"},"dialogCancelButton":{"children":"Cancel"},"publisherTitle":{"tag":"h3","size":6},"publisherActionDateLabel":{"tag":"h4","size":8},"mutedPublisherEmptyListMessage":{"tag":"h4","size":8,"children":"No muted publishers"},"informationCardEmptyListMessage":{"tag":"h4","size":8,"children":"No information cards available"},"backHeaderText":{"children":"Back to News Feed","tag":"span"},"iconsMapping":{"News":"news","Entertainment":"entertainment","Sports":"sports","Business":"business","Your Money":"yourmoney","Personal Finance":"yourmoney","Lifestyle":"lifestyle","Fashion & Beauty":"fashionbeauty","Health":"health","Food":"food","Autos":"autos","Home & Garden":"homegarden","Self":"self","Video":"video","Local":"local","Money":"business","Finance":"business","Health and Fitness":"health","panache":"society","Shopping":"society","Travel":"suitcase","Gaming":"esports"},"resetFollowedInterestsActionText":{"children":"Restore default interests","tag":"span"},"followedInterestsEmptyListMessage":{"children":"You've unfollowed all interests, so default interests from Microsoft News will be shown in your feed. To see a more personalized feed, add interests (+) below.","size":7,"tag":"span"},"sectionLoadingMessage":{"children":"Loading...","tag":"h4","size":8},"informationCardsToggle":[{"structuredDataCardLabel":{"tag":"h3","size":6,"id":"weather"},"structuredDataCardTitle":{"tag":"h4","size":8,"id":"weatherForecast"},"toggle":{"inputId":"weatherToggle","statusMessageId":"span01"}},{"structuredDataCardLabel":{"tag":"h3","size":6,"id":"sports"},"structuredDataCardTitle":{"tag":"h4","size":8,"id":"sportsUpdate"},"toggle":{"inputId":"sportsToggle","statusMessageId":"span02"}},{"structuredDataCardLabel":{"tag":"h3","size":6,"id":"money"},"structuredDataCardTitle":{"tag":"h4","size":8,"id":"moneyDetail"},"toggle":{"inputId":"moneyToggle","statusMessageId":"span02"}}],"readStoriesEmptyListMessage":{"tag":"h4","size":8},"readStoriesSectionHeader":{"size":5,"tag":"h5"},"enableReadStoriesExperience":true,"enableRecommendedTopics":false,"enableMutedPublishersExperience":true,"enableInformationCardExperience":false,"enableWeatherStructureCard":true,"enableMoneyStructureCard":true,"enableSportsStructureCard":true,"stickyAnchorId":"stickablePivotsNav","stickyHeaderHeightPx":158,"saveStoryToastProps":{"saveStoryToastText":{"children":"Story saved in {personalize}"},"saveStoryToastPersonalizeText":{"children":"Personalize"}},"enableSageHub":true,"enableSavedStoriesExperience":true,"savedStoriesSectionId":"savedStoriesSection","cardProviderConfig":{"initialRequest":{"ocid":"feeds","count":50,"start":0,"feedId":"Y_46b78bbb-31c4-4fc5-8a4a-858072348d06","timeoutMs":1000}},"sdSettingCards":{"Sports":false,"Weather":false,"Finance":false,"Shopping":false,"Traffic":true,"MarketPlace":false},"feedSettingCards":{"Reactions":true},"searchSuggestionSourceType":{"kind":"topic","subKind":"bingtopic,category"},"childExperienceReferencesWC":{"toastWC":{"instanceId":"ToastWC","configRef":{"experienceType":"ToastWC","instanceSrc":"default"}},"cardActionWC":{"instanceId":"CardActionWC","configRef":{"experienceType":"CardActionWC","instanceSrc":"default"}}},"displayComplianceMessage":false,"enableStickySearch":true,"enableOneColumn":true,"displayCommuteOptions":false}}