{"properties":{"sdSettingCards":{"Sports":false,"Weather":true,"Finance":false,"Shopping":false,"Traffic":true},"iconsMapping":{"Мои интересы":"myinterests","Новости":"news","Развлечения":"entertainment","Спорт":"sports","Бизнес и финансы":"yourmoney","Повседневная жизнь":"lifestyle","Семья и саморазвитие":"fashionbeauty","Авто":"autos","Стиль жизни":"lifestyle","Видео":"video","Регионы России":"local","Технологии":"horoscope","Фото и видео":"video","Путешествия":"suitcase","Новостные источники":"selections","Исключённые издания":"hiddenpublishers","История чтения":"readStories","Сохраненные статьи":"savedstories","Информационные карточки":"informationcards"}}}