{"properties":{"localizedStrings":{"blockedSourceSectionHeader":"Источники, которые вы заблокировали","blockedTopicSectionHeader":"Темы, которые вы заблокировали","blockedTopicSectionEmptyListMessage":"Вы еще не заблокировали темы.","blockedSourceNavItem":"Заблокированные источники","blockedTopicNavItem":"Заблокированные темы","contentLinkFormatText":"Перейти к {0}","errorMessage":"Это не надолго. Повторите попытку через несколько минут или обновите страницу.","errorMessageHeading":"Служба временно недоступна","followFormatText":"Подписаться на эту тему","followFormatAriaLabel":"Подписаться на {0}","followedTopicsListSectionTitle":"Интересы с подпиской","followedTopicsListSectionSubtitle":"Здесь показываются все интересы, на которые вы подписаны","unfollowFormatText":"Отменить подписку на эту тему","unfollowFormatAriaLabel":"Отменить подписку на {0}","sideNavigationTitle":"Мои интересы","mutedPublisherSectionHeader":"Скрытые источники","unMuteActionButtonText":"Отобразить","unMuteActionButtonAriaLabel":"Показать {0}","mutedActionText":"Исключено","unMutePublisherDialogMessageTemplate":"Мы отобразим все заметки от {0}. Если в будущем вы захотите их скрыть, перейдите в меню карты.","unMutePublisherDialogHeaderTemplate":"Показывать заметки от ${publisher}","dialogAriaText":"Модуль публикации содержимого","dialogConfirmButtonText":"Подтвердить","dialogConfirmButtonAriaLabel":"Подтвердить","dialogCancelButtonText":"Отмена","dialogCancelButtonAriaLabel":"Отмена","dialogCloseButtonAriaLabel":"Закрыть диалоговое окно","mutedPublisherEmptyListMessage":"Нет отключенных источников","mutedPublisherEmptyStateCardTitle":"Вы еще не заблокировали ни одного источника!","backHeaderText":"Вернуться на канал новостей","moreOptionsAriaLabel":"Дополнительно","followedInterestsEmptyListMessage":"Вы отменили подписку на все интересы, поэтому в ленте будут показываться только стандартные интересы из Microsoft News. Чтобы лента стала более персонализированной, добавьте интересы (+) ниже.","followedInterestsEmptyStateCardTitle":"Вы еще не подписались ни на одну тему!","resetFollowedInterestsActionText":"Восстановить интересы по умолчанию","sectionLoadingMessage":"Загрузка...","informationCardHeader":"Информационные карточки","weather":"Погода","weatherForecast":"Прогноз погоды в выбранном регионе","money":"Финансы","moneyDetail":"Отслеживание данных с выбранных бирж в реальном времени","sports":"Спорт","sportsUpdate":"Свежие результаты матчей ваших любимых команд","sportsManageLinkDescription":"Управление интересами в области спорта","sportsInformationTitle":"Показать команды и лиги, которые вы скрыли","sportsLeague":"Лига","sportsTeam":"Команда","esports":"Игры","shopping":"Шоппинг","shoppingOffers":"Поиск предложений и популярных продуктов ","informationCardEmptyListMessage":"Нет информационных карточек","interestsSearchPlaceholder":"Что бы вы хотели видеть на своем веб-канале?","interestsSearchPlaceholderVNext":"Что вы ищете?","interestsSearchStickyHeader":"Поиск тем и источников","interestsSearchInputAriaLabel":"Поиск других интересов","interestsSearchTopicTypeAsPublisher":"Источник","interestsSearchTopicTypeAsInterest":"Интерес","recommendedTopicsListSectionTitle":"Рекомендуем","toastCloseButtonTitle":"Закрыть диалоговое окно","tuneFeedButtonTitle":"Настроить веб-канал","readStoriesEmptyListMessage":"Статьи, которые вы прочли за последние 48 часов, будут появляться здесь","readStoriesSectionHeader":"История чтения","savedStoriesEmptyListMessage":"Нет сохраненных статей","savedStoriesSectionHeader":"Сохраненные статьи","titleFormatAriaLabel":"{0} – от: {1}","titleFormatText":"{0} - изображение: {1}","imgAltFormatText":"{0} – {1}","saveButtonText":"Сохранить","undoSaveButtonText":"Отменить сохранение","followedInterestsSectionInfoText":"Ваша лента новостей сейчас заполняется по этим интересам.","explicitlyFollowedInterestsSectionEmptyListInfoText":"Добро пожаловать в Центр персонализации. Темы, на которые вы подписываетесь, будут отображаться здесь после обновления страницы. Вы также увидите больше похожих статей в разделе \"Моя лента\".","readingHistorySectionInfoText":"Статьи, которые вы прочли за последние 48 часов","mobileMenuButtonOpenAriaLabel":"Кнопка \"Открыть меню\"","mobileMenuButtonCloseAriaLabel":"Кнопка \"Закрыть меню\"","layoutChoicesHeader":"Предпочтения макета","riverLayoutDisplayName":"Лента","riverLayoutDescription":"Персонализованный набор самых свежих новостей по разным категориям","stripeLayoutDisplayName":"Сгруппировано","stripeLayoutDescription":"Ваши персонализованные новости, собранные по категориям","discoverTopicsListSectionTitle":"Поиск интересов","discoverTopicsListSectionTitleVNext":"Получите нужное содержимое","discoverTopicsListSectionSubtitle":"Добавьте интересы, чтобы персонализировать свой веб-канал","discoverTopicsListSectionSubtitleVNext":"Содержимое вашей ленты зависит от тем и источников, на которые вы подписаны, а также от другого просмотренного вами содержимого. Выберите желаемые темы и источники, чтобы получить нужное содержимое.","seeAllButtonText":"Посмотреть все","settings":{"heading":"Информационные карточки","settingCardDict":{"Sports":{"cardName":"Спорт","toggleDescription":"Отображать карту спортивных событий в моем веб-канале","linkDescription":"Управление интересами в области спорта"},"Esports":{"cardName":"Игры","toggleDescription":"Отображать карту игровых событий в моем веб-канале","linkDescription":"Управление интересами в области игр"},"Qna":{"cardName":"Вопросы и ответы","toggleDescription":"Отображать карту вопросов и ответов в моем веб-канале","linkDescription":"Управление персональными интересами для вопросов и ответов"},"Inspiration":{"cardName":"Вдохновение","toggleDescription":"Показать карточку вдохновения в моей ленте","linkDescription":"Управление интересами вдохновения"},"Rewards":{"cardName":"Rewards","toggleDescription":"Показывать карточку Rewards в моей ленте","linkDescription":"Настроить интересы Rewards"},"Recipe":{"cardName":"Рецепты","toggleDescription":"Отображать карту рецептов в моем веб-канале","linkDescription":"Управление интересами в области рецептов"},"GenericElection":{"cardName":"Выборы","toggleDescription":"Отображать карту выборов в моем веб-канале","linkDescription":"Управление интересами в области выборов"},"Travel":{"cardName":"Путешествия","toggleDescription":"Отображать карту путешествий в моем веб-канале","linkDescription":"Управление интересами в области путешествий"},"Weather":{"cardName":"Погода","toggleDescription":"Отображать карту погоды в моем веб-канале","linkDescription":""},"Finance":{"cardName":"Финансы","toggleDescription":"Отображать карту финансов в моем веб-канале","linkDescription":""},"Shopping":{"cardName":"Покупки","toggleDescription":"Отображать карту покупок в моем веб-канале","linkDescription":""},"Traffic":{"cardName":"Ситуация на дорогах","toggleDescription":"Отображать карту ситуации на дорогах в моем веб-канале","linkDescription":""},"AiCharacter":{"cardName":"Xiao Ice","toggleDescription":"Показывать карточку Xiao Ice в моей ленте","linkDescription":"Настроить интересы Xiao Ice"},"TopStories":{"cardName":"Главные истории","toggleDescription":"Показать карточку главных историй в моей ленте"},"MarketPlace":{"cardName":"Рынок образования","toggleDescription":"Показать карточку \"Рынок образования\" в моем веб-канале"},"Horoscope":{"cardName":"Гороскоп","toggleDescription":"Просмотреть ежедневный гороскоп","linkDescription":""},"OnThisDay":{"cardName":"Этот день в истории","toggleDescription":"См. события, которые произошли в этот день в прошлом","linkDescription":""},"Health":{"cardName":"Здоровье","toggleDescription":"Показать карточку здоровья в моей ленте","linkDescription":"Управление интересами в области здоровья"},"PersonalizedOffers":{"cardName":"Bing Rebates","toggleDescription":"Показывать Bing Rebates в моей ленте","linkDescription":"Управление Bing Rebates"},"AutosMarketplace":{"cardName":"Autos Marketplace","toggleDescription":"Показывать карточку автомобилей в моей ленте"},"Grocery":{"cardName":"Продукты","toggleDescription":"Отображение продуктов в ленте"}}},"trafficSettingsStrings":{"commuteDayOfWeekBtnTexts":{"Sunday":"Вс","Monday":"Пн","Tuesday":"Вт","Wednesday":"Ср","Thursday":"Чт","Friday":"Пт","Saturday":"Сб"},"daysOfWeek":{"Sunday":"Воскресенье","Monday":"понедельник","Tuesday":"Вторник","Wednesday":"Среда","Thursday":"Четверг","Friday":"пятница","Saturday":"Суббота"},"distanceUnitBtnTexts":{"Miles":"Мили","Kilometers":"Километры"},"commuteCardDisabledTooltip":"Карта проезда недоступна, пока не добавлены домашний и рабочий адреса","arriveTimeTooltip":"Выберите дни, в которые вы ездите на работу, и время прибытия, чтобы мы могли показать вашу карточку поездок в оптимальное время выхода из дома","homeLocationName":"Дом","workLocationName":"Работа","homeSearchPlaceholderText":"Поиск расположения дома","workSearchPlaceholderText":"Поиск места проведения работ","noLocationSavedText":"Расположение не сохранено","editBtnText":"Изменить","removeBtnText":"Удалить","saveBtnText":"Сохранить","cancelBtnText":"Отмена","addBtnText":"Добавить","distanceUnitTitle":"Единица измерения расстояния","trafficScenarioEnableTitle":"Показать карту пробок","commuteScenarioEnableTitle":"Показать карточку поездок на работу","commuteSectionTitle":"Путь на работу","commuteSectionSubtitle":"Данные расположения будут использоваться только для целей, связанных с поездками и дорожным движением","daysCommutingTitle":"Количество дней, в которые вы ездите на работу","arriveAtHomeTimeTitle":"Прибыть домой","arriveAtWorkTimeTitle":"Прибыть на работу"},"productivitySettings":{"heading":"Мини-приложения для повышения производительности","settingCardDict":{"RecommendedCardFeed":{"cardName":"Рекомендуемые документы","toggleDescription":"Показать мини-приложение рекомендуемых документов"},"IndustryNewsCard":{"cardName":"Новости отрасли","toggleDescription":"Показать мини-приложение новостей отрасли"}}},"marketSettingsHeading":"Язык и содержимое","marketSettingsDescription":"Изменение содержимого и языка вашего веб-канала","followedPublishersSectionTitle":"Отслеживаемые источники","followedPublishersSectionSubtitle":"Вы будете видеть больше статей из этих источников в своем веб-канале","followedPublishersEmptyMessage":"Вы еще не подписались ни на один источник!","complianceBannerText":"Этот рабочий канал доступен только пользователям в вашей организации.","complianceBannerHyperlinkText":"Подробнее","workTopicsListSectionTitle":"Рабочие темы","workTopicsListSectionInfoText":"Новости, подобранные на основе вашей рабочей учетной записи.","notification":{"cardName":"Уведомление","topics":{"General":{"menuName":"Общие","topicName":"Настройки уведомлений","description":"Персонализируйте получение всех уведомлений","children":{"AllNotifications":{"topicName":"Получать все уведомления","description":""}}},"News":{"topicName":"Новости","description":"Оставайтесь в курсе важных новостей","children":{"AllNewsNotifications":{"topicName":"Получать все уведомления о новостях","description":""},"BreakingNews":{"topicName":"Срочные новости","description":"Оповещение о важных новостях в мире"},"TopStories":{"topicName":"Главные новости","description":"Статьи, которые становятся популярными среди наших читателей"},"DailyBrief":{"topicName":"Обзор сегодняшних новостей","description":"Сводка основных заголовков дня"},"SportsTopStories":{"topicName":"Спортивные новости","description":"Оповещать при важных спортивных новостях"}}},"Sports":{"topicName":"Спорт","description":"Получать оповещения о спортивных событиях","children":{"AllSportsNotifications":{"topicName":"Получать все уведомления о спортивных новостях","description":""},"GameEnded":{"topicName":"Результаты ","description":"Последние данные о результатах команд, которые вы отслеживаете"}}},"Wallet":{"topicName":"Bing Rebates","children":{"AllWalletNotifications":{"topicName":"Получать все уведомления от Bing Rebates"},"PersonalizedOffer":{"topicName":"Предложения кешбэка от Bing Rebates","description":"Оповещения при скором истечении срока действия предложения кешбэка"}}},"Finance":{"topicName":"Финансы","description":"Отслеживать финансовые новости","children":{"AllFinanceNotifications":{"topicName":"Получать все уведомления о финансах","description":""},"StockChangeAtMarketClose":{"topicName":"Акции","description":"Оповещения о ценах для акций, которые вы отслеживаете"}}},"Shopping":{"topicName":"Покупки","children":{"AllShoppingNotifications":{"topicName":"Получать все уведомления о покупках"},"DealOfTheDay":{"topicName":"Предложение дня","description":"Скидка и предложение на каждый день"}}},"Community":{"topicName":"Сообщество","description":"Получать обновления с действиями сообщества","children":{"AllCommunityNotifications":{"topicName":"Получать все уведомления сообщества","description":""},"SocialReplies":{"topicName":"Ответы","description":"Когда кто-то отвечает на вашу публикацию"},"SocialReactions":{"topicName":"Реакции","description":"Когда кто-то реагирует на вашу публикацию"},"SocialFollowers":{"topicName":"Подписчики","description":"Когда кто-подписывается на вас"},"SocialAchievements":{"topicName":"Значки","description":"При получении значка"},"SocialAlerts":{"topicName":"Оповещения учетной записи","description":"При появлении проблемы с учетной записью"}}}}},"feedSettings":{"heading":"Настройки веб-канала","settingCardDict":{"Reactions":{"cardName":"Реакции","toggleDescription":"Показывать реакции сообщества в моем веб-канале и на страницах статьи","linkDescription":""},"Comments":{"cardName":"Комментарии","toggleDescription":"Показывать комментарии в моем веб-канале и на страницах статьи","linkDescription":""}}},"feedSettingsEmptyListMessage":"Нет доступных настроек веб-канала","productivitySettingsEmptyListMessage":"Нет доступных параметров производительности","hideFormatAriaLabel":"Заблокировать {0}","unhideFormatAriaLabel":"Разблокировать {0}","unfollowedTopicStateText":"Вы не подписаны на эту тему","followedTopicStateText":"Вы подписаны на эту тему","hiddenTopicStateText":"Вы заблокировали эту тему","hideTopicText":"Блокировать все истории по этой теме","unhideTopicText":"Разблокировать все истории по этой теме","followSourceText":"Подписаться на этот источник","unfollowSourceText":"Отменить подписку на этот источник","unfollowedSourceStateText":"Вы не подписаны на этот источник","followedSourceStateText":"Вы подписаны на этот источник","hiddenSourceStateText":"Вы заблокировали этот источник","hideSourceText":"Блокировать все истории из этого источника","unhideSourceText":"Разблокировать все истории из этого источника","profileLinkLabel":"Просмотреть профиль"}}}