{"experienceType":"FeedToggleWC","configs":[{"src":"config.json"},{"targetScope":{"audienceMode":"enterprise"},"src":"config_enterprise.json"},{"targetScope":{"locale":{"language":"pt","market":"br"},"audienceMode":"adult"},"src":"config_pt-br_adult.json"},{"targetScope":{"locale":{"language":"nl","market":"nl"},"audienceMode":"adult"},"src":"config_nl-nl_adult.json"},{"targetScope":{"locale":{"language":"ja","market":"jp"},"audienceMode":"adult"},"src":"config_ja-jp_adult.json"},{"targetScope":{"locale":{"language":"it","market":"it"},"audienceMode":"adult"},"src":"config_it-it_adult.json"},{"targetScope":{"locale":{"language":"fr","market":"fr"},"audienceMode":"adult"},"src":"config_fr-fr_adult.json"},{"targetScope":{"locale":{"language":"fr","market":"ca"},"audienceMode":"adult"},"src":"config_fr-ca_adult.json"},{"targetScope":{"locale":{"language":"es","market":"mx"},"audienceMode":"adult"},"src":"config_es-mx_adult.json"},{"targetScope":{"locale":{"language":"es","market":"es"},"audienceMode":"adult"},"src":"config_es-es_adult.json"},{"targetScope":{"locale":{"language":"en","market":"us"},"audienceMode":"adult"},"src":"config_en-us_adult.json"},{"targetScope":{"locale":{"language":"en","market":"in"},"audienceMode":"adult"},"src":"config_en-in_adult.json"},{"targetScope":{"locale":{"language":"en","market":"gb"},"audienceMode":"adult"},"src":"config_en-gb_adult.json"},{"targetScope":{"locale":{"language":"en","market":"ca"},"audienceMode":"adult"},"src":"config_en-ca_adult.json"},{"targetScope":{"locale":{"language":"en","market":"au"},"audienceMode":"adult"},"src":"config_en-au_adult.json"},{"targetScope":{"locale":{"language":"de","market":"de"},"audienceMode":"adult"},"src":"config_de-de_adult.json"},{"targetScope":{"locale":{"language":"ru","market":"ru"},"audienceMode":"adult"},"src":"config_ru-ru_adult.json"},{"targetScope":{"experimentId":"prg-nofeedbkgd6","audienceMode":"adult"},"src":"config_prg-nofeedbkgd6_adult.json"},{"targetScope":{"experimentId":"prg-winheaddyn","audienceMode":"adult"},"src":"config_prg-winheaddyn_adult.json"},{"targetScope":{"experimentId":"prg-winheaddyn2","audienceMode":"adult"},"src":"config_prg-winheaddyn2_adult.json"},{"targetScope":{"experimentId":"prg-winheaddyn7","audienceMode":"adult"},"src":"config_prg-winheaddyn7_adult.json"},{"targetScope":{"experimentId":"prg-winheaddyn8","audienceMode":"adult"},"src":"config_prg-winheaddyn8_adult.json"},{"targetScope":{"experimentId":"prg-winheaddyn5","audienceMode":"adult"},"src":"config_prg-winheaddyn5_adult.json"},{"targetScope":{"experimentId":"prg-headdyn","audienceMode":"adult"},"src":"config_prg-headdyn_adult.json"}]}